{
    "version": "0.4",
    "title": "404",
    "type": "section",
    "metadata": {
        "template_type": "single-404",
        "include_in_zip": "1",
        "elementor_pro_required": null,
        "wp_page_template": "elementor_header_footer"
    },
    "content": [
        {
            "id": "42850e55",
            "settings": {
                "height": "full",
                "custom_height": {
                    "unit": "vh",
                    "size": 60,
                    "sizes": []
                },
                "custom_height_laptop": {
                    "unit": "vh",
                    "size": "",
                    "sizes": []
                },
                "custom_height_tablet": {
                    "unit": "vh",
                    "size": "",
                    "sizes": []
                },
                "custom_height_mobile": {
                    "unit": "vh",
                    "size": "",
                    "sizes": []
                },
                "background_image": {
                    "url": "",
                    "id": "",
                    "size": "",
                    "alt": "",
                    "source": "library"
                },
                "background_position": "top center",
                "background_repeat": "no-repeat",
                "background_size": "cover",
                "background_overlay_background": "classic",
                "background_overlay_image": {
                    "id": "2270",
                    "url": "https:\/\/cleanzone.1onestrong.com\/wp-content\/uploads\/2023\/08\/Asset-041.png"
                },
                "background_overlay_position": "top center",
                "background_overlay_repeat": "no-repeat",
                "background_overlay_size": "cover",
                "margin": {
                    "unit": "px",
                    "top": "0",
                    "right": 0,
                    "bottom": "-100",
                    "left": 0,
                    "isLinked": false
                },
                "padding": {
                    "unit": "em",
                    "top": "0",
                    "right": "0",
                    "bottom": "0",
                    "left": "0",
                    "isLinked": false
                },
                "padding_laptop": {
                    "unit": "em",
                    "top": "",
                    "right": "",
                    "bottom": "",
                    "left": "",
                    "isLinked": true
                },
                "padding_tablet": {
                    "unit": "em",
                    "top": "",
                    "right": "",
                    "bottom": "",
                    "left": "",
                    "isLinked": true
                },
                "padding_mobile": {
                    "unit": "em",
                    "top": "10",
                    "right": "0",
                    "bottom": "10",
                    "left": "0",
                    "isLinked": false
                },
                "__globals__": {
                    "background_color": "globals\/colors?id=495d27d",
                    "background_color_b": "globals\/colors?id=a567df4"
                },
                "background_background": "gradient",
                "background_color_stop": {
                    "unit": "%",
                    "size": 46,
                    "sizes": []
                }
            },
            "elements": [
                {
                    "id": "5cd9fe6a",
                    "settings": {
                        "_column_size": 100,
                        "_inline_size": null,
                        "align": "center"
                    },
                    "elements": [
                        {
                            "id": "644b8bc4",
                            "settings": {
                                "editor": "<p>ERROR PAGE<\/p>",
                                "align": "center",
                                "_margin": {
                                    "unit": "px",
                                    "top": "0",
                                    "right": "0",
                                    "bottom": "-19",
                                    "left": "0",
                                    "isLinked": false
                                },
                                "__globals__": {
                                    "typography_typography": "globals\/typography?id=db1e030",
                                    "text_color": "globals\/colors?id=secondary"
                                }
                            },
                            "elements": [],
                            "isInner": false,
                            "widgetType": "text-editor",
                            "elType": "widget"
                        },
                        {
                            "id": "3c75c39e",
                            "settings": {
                                "image": {
                                    "id": "2309",
                                    "url": "https:\/\/cleanzone.1onestrong.com\/wp-content\/uploads\/2023\/08\/404-page.png"
                                },
                                "width": {
                                    "unit": "%",
                                    "size": 45,
                                    "sizes": []
                                },
                                "width_mobile": {
                                    "unit": "%",
                                    "size": 80,
                                    "sizes": []
                                }
                            },
                            "elements": [],
                            "isInner": false,
                            "widgetType": "image",
                            "elType": "widget"
                        },
                        {
                            "id": "60173f03",
                            "settings": {
                                "title": "OOPS, PAGE NOT FOUND!",
                                "align": "center",
                                "__globals__": {
                                    "typography_typography": "globals\/typography?id=887363b",
                                    "title_color": "globals\/colors?id=secondary"
                                }
                            },
                            "elements": [],
                            "isInner": false,
                            "widgetType": "heading",
                            "elType": "widget"
                        },
                        {
                            "id": "df53635",
                            "settings": {
                                "editor": "<p>Lorem ipsum dolor sit amet, consectetur adipiscing elit. Ut elit tellus, nec mattis, pulvinar dapibus leo.<\/p>",
                                "align": "center",
                                "_element_width": "initial",
                                "_element_custom_width": {
                                    "unit": "%",
                                    "size": 40,
                                    "sizes": []
                                },
                                "__globals__": {
                                    "typography_typography": "globals\/typography?id=text",
                                    "text_color": "globals\/colors?id=text"
                                },
                                "_element_custom_width_tablet": {
                                    "unit": "%",
                                    "size": 50,
                                    "sizes": []
                                },
                                "_element_custom_width_mobile": {
                                    "unit": "%",
                                    "size": 100,
                                    "sizes": []
                                }
                            },
                            "elements": [],
                            "isInner": false,
                            "widgetType": "text-editor",
                            "elType": "widget"
                        },
                        {
                            "id": "4b1ed766",
                            "settings": {
                                "sg_content_label": "gO BACK HOME",
                                "sg_content_icon_enable": "yes",
                                "sg_content_icon": {
                                    "value": "jki jki-arrow-up-right-line",
                                    "library": "jkiticon"
                                },
                                "sg_content_icon_position": "after",
                                "st_button_width_responsive": {
                                    "unit": "px",
                                    "size": 233,
                                    "sizes": []
                                },
                                "st_button_width_responsive_laptop": {
                                    "unit": "%",
                                    "size": "",
                                    "sizes": []
                                },
                                "st_button_width_responsive_tablet": {
                                    "unit": "%",
                                    "size": "",
                                    "sizes": []
                                },
                                "st_button_width_responsive_mobile": {
                                    "unit": "%",
                                    "size": "",
                                    "sizes": []
                                },
                                "st_button_padding_responsive": {
                                    "unit": "px",
                                    "top": "16",
                                    "right": "0",
                                    "bottom": "16",
                                    "left": "0",
                                    "isLinked": false
                                },
                                "st_button_normal_background_background_background": "classic",
                                "st_button_hover_transition_duration": {
                                    "unit": "px",
                                    "size": 0.5,
                                    "sizes": []
                                },
                                "st_button_hover_background_background_background": "classic",
                                "st_border_normal_border_radius_responsive": {
                                    "unit": "px",
                                    "top": "25",
                                    "right": "25",
                                    "bottom": "25",
                                    "left": "25",
                                    "isLinked": true
                                },
                                "st_icon_size_responsive": {
                                    "unit": "px",
                                    "size": 19,
                                    "sizes": []
                                },
                                "st_icon_spacing_responsive": {
                                    "unit": "px",
                                    "size": 15,
                                    "sizes": []
                                },
                                "__globals__": {
                                    "st_button_typography_content_typography_typography": "globals\/typography?id=accent",
                                    "st_button_normal_background_background_color": "globals\/colors?id=accent",
                                    "st_button_normal_color_responsive": "globals\/colors?id=a567df4",
                                    "st_button_hover_background_background_color": "globals\/colors?id=beb0691",
                                    "st_button_hover_color_responsive": "globals\/colors?id=a567df4",
                                    "st_border_hover_border_border_color": "globals\/colors?id=primary"
                                },
                                "st_border_hover_border_border_border": "solid",
                                "st_border_hover_border_border_width": {
                                    "unit": "px",
                                    "top": "1",
                                    "right": "1",
                                    "bottom": "1",
                                    "left": "1",
                                    "isLinked": true
                                },
                                "_animation": "fadeIn",
                                "_animation_delay": 300,
                                "st_content_alignment_responsive_mobile": "center",
                                "_margin": {
                                    "unit": "px",
                                    "top": "20",
                                    "right": "0",
                                    "bottom": "0",
                                    "left": "0",
                                    "isLinked": false
                                }
                            },
                            "elements": [],
                            "isInner": false,
                            "widgetType": "jkit_button",
                            "elType": "widget"
                        }
                    ],
                    "isInner": false,
                    "elType": "column"
                }
            ],
            "isInner": false,
            "elType": "section"
        }
    ]
}