{
    "version": "0.4",
    "title": "Blog",
    "type": "page",
    "metadata": {
        "template_type": "single-page",
        "include_in_zip": "1",
        "elementor_pro_required": null,
        "wp_page_template": "elementor_header_footer"
    },
    "content": [
        {
            "id": "795663eb",
            "settings": {
                "content_width": {
                    "unit": "px",
                    "size": 1440,
                    "sizes": []
                },
                "height": "min-height",
                "custom_height": {
                    "unit": "vh",
                    "size": 50,
                    "sizes": []
                },
                "custom_height_laptop": {
                    "unit": "vh",
                    "size": 40,
                    "sizes": []
                },
                "custom_height_tablet": {
                    "unit": "vh",
                    "size": 32,
                    "sizes": []
                },
                "custom_height_mobile": {
                    "unit": "vh",
                    "size": 30,
                    "sizes": []
                },
                "background_background": "classic",
                "background_image": {
                    "url": "https:\/\/cleanzone.1onestrong.com\/wp-content\/uploads\/2023\/08\/cleanzonejpg-0040.jpg",
                    "id": 2119,
                    "size": "",
                    "alt": "",
                    "source": "library"
                },
                "background_position": "bottom right",
                "background_repeat": "no-repeat",
                "background_size": "cover",
                "background_overlay_color": "#EFEFEF",
                "background_overlay_gradient_angle": {
                    "unit": "deg",
                    "size": 95,
                    "sizes": []
                },
                "background_overlay_opacity": {
                    "unit": "px",
                    "size": 0.26000000000000001,
                    "sizes": []
                },
                "padding": {
                    "unit": "em",
                    "top": "5",
                    "right": "0",
                    "bottom": "0",
                    "left": "0",
                    "isLinked": false
                },
                "padding_laptop": {
                    "unit": "em",
                    "top": "5",
                    "right": "0",
                    "bottom": "0",
                    "left": "0",
                    "isLinked": false
                },
                "padding_tablet": {
                    "unit": "em",
                    "top": "0",
                    "right": "0",
                    "bottom": "0",
                    "left": "0",
                    "isLinked": false
                },
                "padding_mobile": {
                    "unit": "em",
                    "top": "0",
                    "right": "0",
                    "bottom": "0",
                    "left": "0",
                    "isLinked": false
                },
                "__globals__": {
                    "background_overlay_color": "globals\/colors?id=4bbea6a",
                    "background_overlay_color_b": "",
                    "background_color": "globals\/colors?id=4bbea6a"
                },
                "column_position": "stretch",
                "background_overlay_color_stop": {
                    "unit": "%",
                    "size": 52,
                    "sizes": []
                },
                "background_size_tablet": "cover",
                "background_size_mobile": "cover",
                "background_bg_width": {
                    "unit": "vw",
                    "size": 100,
                    "sizes": []
                },
                "background_bg_width_laptop": {
                    "unit": "em",
                    "size": "",
                    "sizes": []
                },
                "background_bg_width_tablet": {
                    "unit": "em",
                    "size": "",
                    "sizes": []
                },
                "background_bg_width_mobile": {
                    "unit": "em",
                    "size": "",
                    "sizes": []
                },
                "background_overlay_color_b": "#FFFFFF00",
                "background_position_mobile": "bottom center",
                "background_overlay_background": "classic"
            },
            "elements": [
                {
                    "id": "1fc8702a",
                    "settings": {
                        "_column_size": 100,
                        "_inline_size": null,
                        "content_position": "center",
                        "align": "center",
                        "margin_tablet": {
                            "unit": "px",
                            "top": "0",
                            "right": "0",
                            "bottom": "0",
                            "left": "0",
                            "isLinked": false
                        },
                        "padding_tablet": {
                            "unit": "px",
                            "top": "0",
                            "right": "0",
                            "bottom": "0",
                            "left": "0",
                            "isLinked": false
                        }
                    },
                    "elements": [
                        {
                            "id": "4dab968e",
                            "settings": {
                                "title": "Blog",
                                "align": "center",
                                "title_color": "#242424",
                                "typography_typography": "custom",
                                "typography_font_family": "Open Sans",
                                "typography_font_size": {
                                    "unit": "px",
                                    "size": 10,
                                    "sizes": []
                                },
                                "typography_font_size_tablet": {
                                    "unit": "px",
                                    "size": 10,
                                    "sizes": []
                                },
                                "typography_font_size_mobile": {
                                    "unit": "px",
                                    "size": 9,
                                    "sizes": []
                                },
                                "typography_font_weight": "600",
                                "typography_text_transform": "uppercase",
                                "typography_line_height": {
                                    "unit": "em",
                                    "size": 1.3999999999999999,
                                    "sizes": []
                                },
                                "typography_letter_spacing": {
                                    "unit": "px",
                                    "size": 1,
                                    "sizes": []
                                },
                                "typography_word_spacing": {
                                    "unit": "em",
                                    "size": "",
                                    "sizes": []
                                },
                                "_margin": {
                                    "unit": "px",
                                    "top": "0",
                                    "right": "0",
                                    "bottom": "13",
                                    "left": "0",
                                    "isLinked": false
                                },
                                "_padding": {
                                    "unit": "px",
                                    "top": "10",
                                    "right": "20",
                                    "bottom": "10",
                                    "left": "20",
                                    "isLinked": false
                                },
                                "_element_width": "auto",
                                "_background_background": "classic",
                                "_border_border": "solid",
                                "_border_width": {
                                    "unit": "px",
                                    "top": "1",
                                    "right": "1",
                                    "bottom": "1",
                                    "left": "1",
                                    "isLinked": true
                                },
                                "_border_radius": {
                                    "unit": "px",
                                    "top": "10",
                                    "right": "10",
                                    "bottom": "10",
                                    "left": "10",
                                    "isLinked": true
                                },
                                "__globals__": {
                                    "typography_typography": "globals\/typography?id=08fdc8c",
                                    "title_color": "globals\/colors?id=secondary",
                                    "_background_color": "globals\/colors?id=50ad2cf",
                                    "_border_color": "globals\/colors?id=659f957"
                                },
                                "_border_color": "#F58004"
                            },
                            "elements": [],
                            "isInner": false,
                            "widgetType": "heading",
                            "elType": "widget"
                        },
                        {
                            "id": "465f489f",
                            "settings": {
                                "title": "Cleaning Tips, Guides & Resources",
                                "__globals__": {
                                    "title_color": "globals\/colors?id=primary",
                                    "typography_typography": "globals\/typography?id=secondary"
                                },
                                "title_color": "#00084D",
                                "header_size": "h3",
                                "align": "center"
                            },
                            "elements": [],
                            "isInner": false,
                            "widgetType": "heading",
                            "elType": "widget"
                        }
                    ],
                    "isInner": false,
                    "elType": "column"
                }
            ],
            "isInner": false,
            "elType": "section"
        },
        {
            "id": "314cf8a8",
            "settings": {
                "content_width": {
                    "unit": "px",
                    "size": 1280,
                    "sizes": []
                },
                "structure": "20",
                "padding": {
                    "unit": "em",
                    "top": "5",
                    "right": "0",
                    "bottom": "5",
                    "left": "0",
                    "isLinked": false
                },
                "padding_laptop": {
                    "unit": "em",
                    "top": "",
                    "right": "",
                    "bottom": "",
                    "left": "",
                    "isLinked": true
                },
                "padding_tablet": {
                    "unit": "em",
                    "top": "",
                    "right": "",
                    "bottom": "",
                    "left": "",
                    "isLinked": true
                },
                "padding_mobile": {
                    "unit": "em",
                    "top": "3",
                    "right": "0",
                    "bottom": "3",
                    "left": "0",
                    "isLinked": false
                }
            },
            "elements": [
                {
                    "id": "756d5e6",
                    "settings": {
                        "_column_size": 50,
                        "_inline_size": 67
                    },
                    "elements": [
                        {
                            "id": "42ce92f6",
                            "settings": {
                                "sg_content_postblock_type": "type-5",
                                "sg_content_excerpt_more": "...",
                                "sg_content_readmore_text": "Read More",
                                "sg_content_meta_author_by_text": "by",
                                "sg_content_meta_date_format_custom": "F j, Y",
                                "pagination_prev_text": "Previous",
                                "pagination_next_text": "Next",
                                "pagination_loadmore_text": "Load More",
                                "pagination_loading_text": "Loading...",
                                "st_nocontent_text": "No Content Available",
                                "sg_content_image_size_imagesize_size": "full",
                                "sg_content_title_html_tag": "h4",
                                "sg_content_excerpt_length": {
                                    "unit": "px",
                                    "size": 10,
                                    "sizes": []
                                },
                                "sg_content_readmore_icon": {
                                    "value": "jki jki-long-arrow-alt-right-solid",
                                    "library": "jkiticon"
                                },
                                "sg_content_comment_enable": "",
                                "sg_content_meta_enable": "",
                                "sg_content_meta_author_enable": "",
                                "st_wrapper_margin_responsive": {
                                    "unit": "px",
                                    "top": "0",
                                    "right": "0",
                                    "bottom": "0",
                                    "left": "0",
                                    "isLinked": ""
                                },
                                "st_post_item_gap_responsive": {
                                    "unit": "px",
                                    "size": "30",
                                    "sizes": []
                                },
                                "st_thumbnail_background_overlay_background_color_b": "#00084D",
                                "st_thumbnail_container_height_responsive": {
                                    "unit": "px",
                                    "size": 405,
                                    "sizes": []
                                },
                                "__globals__": {
                                    "st_thumbnail_background_overlay_background_color_b": "globals\/colors?id=beb0691",
                                    "st_title_normal_typography_content_typography_typography": "globals\/typography?id=db1e030",
                                    "st_title_normal_color_responsive": "globals\/colors?id=a567df4",
                                    "st_category_typography_content_typography_typography": "globals\/typography?id=d848767",
                                    "st_excerpt_typography_content_typography_typography": "globals\/typography?id=text",
                                    "st_excerpt_color_responsive": "globals\/colors?id=text",
                                    "st_thumbnail_container_background_background_color_b": "globals\/colors?id=4a5499b",
                                    "st_thumbnail_container_background_background_color": "",
                                    "st_thumbnail_background_overlay_background_color": "",
                                    "st_category_background_background_color": "globals\/colors?id=4a5499b",
                                    "st_category_background_background_color_b": "",
                                    "st_category_color_responsive": "globals\/colors?id=beb0691",
                                    "st_title_hover_color_responsive": "globals\/colors?id=primary",
                                    "st_content_background_background_color": "",
                                    "st_category_border_border_color": "globals\/colors?id=primary",
                                    "st_pagination_typography_content_typography_typography": "globals\/typography?id=accent",
                                    "st_pagination_normal_background_background_color_b": "globals\/colors?id=primary",
                                    "st_pagination_normal_background_background_color": "globals\/colors?id=accent",
                                    "st_pagination_normal_color_responsive": "globals\/colors?id=a567df4",
                                    "st_pagination_hover_background_background_color_b": "globals\/colors?id=primary",
                                    "st_pagination_hover_background_background_color": "globals\/colors?id=primary",
                                    "st_readmore_typography_content_typography_typography": "globals\/typography?id=d788c66"
                                },
                                "st_post_item_border_radius_responsive": {
                                    "unit": "px",
                                    "top": "10",
                                    "right": "10",
                                    "bottom": "10",
                                    "left": "10",
                                    "isLinked": "1"
                                },
                                "st_post_item_boxshadow_box_shadow_box_shadow": {
                                    "horizontal": "0",
                                    "vertical": "10",
                                    "blur": "50",
                                    "spread": "0",
                                    "color": "rgba(0, 0, 0, 0.1)"
                                },
                                "st_thumbnail_background_overlay_background_color_stop": {
                                    "unit": "%",
                                    "size": "45",
                                    "sizes": []
                                },
                                "st_thumbnail_border_radius_responsive": {
                                    "unit": "px",
                                    "top": "10",
                                    "right": "10",
                                    "bottom": "10",
                                    "left": "10",
                                    "isLinked": "1"
                                },
                                "st_thumbnail_container_background_background_color_b": "#F58004",
                                "st_content_padding_responsive": {
                                    "unit": "px",
                                    "top": "30",
                                    "right": "30",
                                    "bottom": "30",
                                    "left": "30",
                                    "isLinked": true
                                },
                                "st_content_border_radius_responsive": {
                                    "unit": "px",
                                    "top": "0",
                                    "right": "0",
                                    "bottom": "10",
                                    "left": "10",
                                    "isLinked": ""
                                },
                                "st_category_background_background_color_b": "",
                                "st_category_padding_responsive": {
                                    "unit": "px",
                                    "top": "4",
                                    "right": "20",
                                    "bottom": "4",
                                    "left": "20",
                                    "isLinked": ""
                                },
                                "st_category_margin_responsive": {
                                    "unit": "px",
                                    "top": "0",
                                    "right": "0",
                                    "bottom": "20",
                                    "left": "20",
                                    "isLinked": ""
                                },
                                "st_title_margin_responsive": {
                                    "unit": "px",
                                    "top": "0",
                                    "right": "0",
                                    "bottom": "15",
                                    "left": "0",
                                    "isLinked": ""
                                },
                                "st_excerpt_color_responsive": "#717B9D",
                                "st_category_position": "left",
                                "st_category_background_background_background": "classic",
                                "st_category_border_radius_responsive": {
                                    "unit": "px",
                                    "top": "25",
                                    "right": "25",
                                    "bottom": "25",
                                    "left": "25",
                                    "isLinked": "1"
                                },
                                "st_category_border_border_border": "none",
                                "st_category_border_border_width": {
                                    "unit": "px",
                                    "top": "1",
                                    "right": "1",
                                    "bottom": "1",
                                    "left": "1",
                                    "isLinked": "1"
                                },
                                "st_category_background_background_color": "#F58004",
                                "st_category_border_border_color": "#00084D",
                                "st_title_hover_color_responsive": "#00084D",
                                "st_thumbnail_container_height_responsive_mobile": {
                                    "unit": "px",
                                    "size": "200",
                                    "sizes": []
                                },
                                "_animation": "fadeIn",
                                "_animation_delay": "200",
                                "number_post": {
                                    "unit": "px",
                                    "size": 1,
                                    "sizes": []
                                },
                                "post_offset": 1,
                                "st_pagination_padding_responsive": {
                                    "unit": "px",
                                    "top": "13",
                                    "right": "28",
                                    "bottom": "13",
                                    "left": "28",
                                    "isLinked": false
                                },
                                "st_pagination_width_responsive": {
                                    "unit": "%",
                                    "size": 19,
                                    "sizes": []
                                },
                                "st_pagination_normal_background_background_background": "classic",
                                "st_pagination_normal_background_background_gradient_angle": {
                                    "unit": "deg",
                                    "size": 110,
                                    "sizes": []
                                },
                                "st_pagination_normal_border_radius_responsive": {
                                    "unit": "px",
                                    "top": "25",
                                    "right": "25",
                                    "bottom": "25",
                                    "left": "25",
                                    "isLinked": true
                                },
                                "st_pagination_normal_boxshadow_box_shadow_box_shadow_type": "yes",
                                "st_pagination_normal_boxshadow_box_shadow_box_shadow": {
                                    "horizontal": 0,
                                    "vertical": 0,
                                    "blur": 10,
                                    "spread": 0,
                                    "color": "rgba(0, 0, 0, 0)"
                                },
                                "st_pagination_hover_background_background_background": "gradient",
                                "st_pagination_hover_background_background_gradient_angle": {
                                    "unit": "deg",
                                    "size": 110,
                                    "sizes": []
                                },
                                "st_category_typography_content_typography_typography": "custom",
                                "st_category_typography_content_typography_font_family": "DM Sans",
                                "st_category_typography_content_typography_font_size": {
                                    "unit": "px",
                                    "size": 10,
                                    "sizes": []
                                },
                                "st_category_typography_content_typography_font_size_mobile": {
                                    "unit": "px",
                                    "size": 8,
                                    "sizes": []
                                },
                                "st_category_typography_content_typography_font_weight": "600",
                                "st_category_typography_content_typography_text_transform": "none",
                                "st_category_typography_content_typography_line_height": {
                                    "unit": "em",
                                    "size": 1.3,
                                    "sizes": []
                                },
                                "st_pagination_normal_color_responsive": "#FFFFFF",
                                "st_pagination_normal_background_background_color": "#3040B6",
                                "st_pagination_normal_background_background_color_b": "#00084D",
                                "st_pagination_normal_border_border_border": "none",
                                "st_pagination_hover_background_background_color": "#00084D",
                                "st_pagination_hover_background_background_color_b": "#00084D",
                                "sg_content_column_responsive_mobile": {
                                    "unit": "px",
                                    "size": 1,
                                    "sizes": []
                                },
                                "st_pagination_width_responsive_mobile": {
                                    "unit": "%",
                                    "size": 60,
                                    "sizes": []
                                },
                                "sg_content_element_order": "title,read",
                                "sg_content_category_enable": "",
                                "st_thumbnail_background_overlay_background_background": "gradient",
                                "st_thumbnail_background_overlay_background_color": "#00084D00",
                                "st_thumbnail_container_background_background_color": "#02010100",
                                "st_category_typography_content_typography_font_size_laptop": {
                                    "unit": "px",
                                    "size": 9,
                                    "sizes": []
                                },
                                "st_category_typography_content_typography_font_size_tablet": {
                                    "unit": "px",
                                    "size": 9,
                                    "sizes": []
                                },
                                "st_category_typography_content_typography_line_height_mobile": {
                                    "unit": "em",
                                    "size": 1.5,
                                    "sizes": []
                                },
                                "st_category_typography_content_typography_letter_spacing": {
                                    "unit": "px",
                                    "size": 0.5,
                                    "sizes": []
                                },
                                "st_category_typography_content_typography_word_spacing": {
                                    "unit": "em",
                                    "size": "",
                                    "sizes": []
                                },
                                "st_category_color_responsive": "#000533",
                                "st_title_normal_typography_content_typography_typography": "custom",
                                "st_title_normal_typography_content_typography_font_family": "Heebo",
                                "st_title_normal_typography_content_typography_font_size": {
                                    "unit": "px",
                                    "size": 24,
                                    "sizes": []
                                },
                                "st_title_normal_typography_content_typography_font_size_tablet": {
                                    "unit": "px",
                                    "size": 22,
                                    "sizes": []
                                },
                                "st_title_normal_typography_content_typography_font_size_mobile": {
                                    "unit": "px",
                                    "size": 21,
                                    "sizes": []
                                },
                                "st_title_normal_typography_content_typography_font_weight": "600",
                                "st_title_normal_typography_content_typography_text_transform": "none",
                                "st_title_normal_typography_content_typography_line_height": {
                                    "unit": "em",
                                    "size": 1.3,
                                    "sizes": []
                                },
                                "st_title_normal_typography_content_typography_letter_spacing": {
                                    "unit": "px",
                                    "size": -0.29999999999999999,
                                    "sizes": []
                                },
                                "st_title_normal_typography_content_typography_word_spacing": {
                                    "unit": "em",
                                    "size": "",
                                    "sizes": []
                                },
                                "st_title_normal_color_responsive": "#00084D",
                                "st_excerpt_typography_content_typography_typography": "custom",
                                "st_excerpt_typography_content_typography_font_family": "Inter",
                                "st_excerpt_typography_content_typography_font_size": {
                                    "unit": "px",
                                    "size": 17,
                                    "sizes": []
                                },
                                "st_excerpt_typography_content_typography_font_size_tablet": {
                                    "unit": "px",
                                    "size": 15,
                                    "sizes": []
                                },
                                "st_excerpt_typography_content_typography_font_size_mobile": {
                                    "unit": "px",
                                    "size": 15,
                                    "sizes": []
                                },
                                "st_excerpt_typography_content_typography_font_weight": "400",
                                "st_excerpt_typography_content_typography_text_transform": "none",
                                "st_excerpt_typography_content_typography_line_height": {
                                    "unit": "em",
                                    "size": 1.7,
                                    "sizes": []
                                },
                                "st_excerpt_typography_content_typography_letter_spacing": {
                                    "unit": "px",
                                    "size": -0.5,
                                    "sizes": []
                                },
                                "st_readmore_padding_responsive": {
                                    "unit": "px",
                                    "top": "0",
                                    "right": "0",
                                    "bottom": "0",
                                    "left": "0",
                                    "isLinked": false
                                },
                                "st_readmore_margin_responsive": {
                                    "unit": "px",
                                    "top": "0",
                                    "right": "0",
                                    "bottom": "0",
                                    "left": "0",
                                    "isLinked": false
                                },
                                "st_readmore_icon_spacing_responsive": {
                                    "unit": "px",
                                    "size": 13,
                                    "sizes": []
                                },
                                "st_readmore_icon_size_responsive": {
                                    "unit": "px",
                                    "size": 16,
                                    "sizes": []
                                },
                                "st_readmore_normal_background_background_background": "classic",
                                "st_readmore_normal_background_background_color": "#02010100",
                                "st_pagination_typography_content_typography_typography": "custom",
                                "st_pagination_typography_content_typography_font_family": "Open Sans",
                                "st_pagination_typography_content_typography_font_size": {
                                    "unit": "px",
                                    "size": 14,
                                    "sizes": []
                                },
                                "st_pagination_typography_content_typography_font_size_tablet": {
                                    "unit": "px",
                                    "size": 12,
                                    "sizes": []
                                },
                                "st_pagination_typography_content_typography_font_size_mobile": {
                                    "unit": "px",
                                    "size": 12,
                                    "sizes": []
                                },
                                "st_pagination_typography_content_typography_font_weight": "600",
                                "st_pagination_typography_content_typography_text_transform": "uppercase",
                                "st_pagination_typography_content_typography_text_decoration": "none",
                                "st_pagination_typography_content_typography_letter_spacing": {
                                    "unit": "px",
                                    "size": 1,
                                    "sizes": []
                                },
                                "_margin_mobile": {
                                    "unit": "px",
                                    "top": "0",
                                    "right": "0",
                                    "bottom": "0",
                                    "left": "0",
                                    "isLinked": false
                                }
                            },
                            "elements": [],
                            "isInner": false,
                            "widgetType": "jkit_post_block",
                            "elType": "widget"
                        },
                        {
                            "id": "2d53a292",
                            "settings": {
                                "sg_content_excerpt_more": "...",
                                "sg_content_readmore_text": "Read More",
                                "sg_content_meta_author_by_text": "by",
                                "sg_content_meta_date_format_custom": "F j, Y",
                                "pagination_prev_text": "Previous",
                                "pagination_next_text": "Next",
                                "pagination_loadmore_text": "Load More",
                                "pagination_loading_text": "Loading...",
                                "st_nocontent_text": "No Content Available",
                                "sg_content_image_size_imagesize_size": "full",
                                "sg_content_title_html_tag": "h4",
                                "sg_content_excerpt_length": {
                                    "unit": "px",
                                    "size": 12,
                                    "sizes": []
                                },
                                "sg_content_readmore_icon": {
                                    "value": "",
                                    "library": ""
                                },
                                "sg_content_comment_enable": "",
                                "sg_content_meta_enable": "",
                                "sg_content_meta_author_enable": "",
                                "st_wrapper_margin_responsive": {
                                    "unit": "px",
                                    "top": "0",
                                    "right": "0",
                                    "bottom": "0",
                                    "left": "0",
                                    "isLinked": ""
                                },
                                "st_post_item_gap_responsive": {
                                    "unit": "px",
                                    "size": 111,
                                    "sizes": []
                                },
                                "st_thumbnail_background_overlay_background_color_b": "",
                                "st_thumbnail_container_height_responsive": {
                                    "unit": "px",
                                    "size": 185,
                                    "sizes": []
                                },
                                "__globals__": {
                                    "st_thumbnail_background_overlay_background_color_b": "",
                                    "st_title_normal_typography_content_typography_typography": "globals\/typography?id=db1e030",
                                    "st_title_normal_color_responsive": "globals\/colors?id=primary",
                                    "st_category_typography_content_typography_typography": "globals\/typography?id=d848767",
                                    "st_excerpt_typography_content_typography_typography": "globals\/typography?id=text",
                                    "st_excerpt_color_responsive": "globals\/colors?id=text",
                                    "st_thumbnail_container_background_background_color_b": "",
                                    "st_thumbnail_container_background_background_color": "",
                                    "st_thumbnail_background_overlay_background_color": "",
                                    "st_category_background_background_color": "globals\/colors?id=4a5499b",
                                    "st_category_background_background_color_b": "",
                                    "st_category_color_responsive": "globals\/colors?id=beb0691",
                                    "st_title_hover_color_responsive": "globals\/colors?id=primary",
                                    "st_content_background_background_color": "",
                                    "st_category_border_border_color": "globals\/colors?id=primary",
                                    "st_pagination_typography_content_typography_typography": "globals\/typography?id=accent",
                                    "st_pagination_normal_background_background_color_b": "globals\/colors?id=primary",
                                    "st_pagination_normal_background_background_color": "globals\/colors?id=accent",
                                    "st_pagination_normal_color_responsive": "globals\/colors?id=a567df4",
                                    "st_pagination_hover_background_background_color_b": "globals\/colors?id=primary",
                                    "st_pagination_hover_background_background_color": "globals\/colors?id=primary",
                                    "st_readmore_typography_content_typography_typography": "globals\/typography?id=d788c66",
                                    "st_readmore_normal_background_background_color": "globals\/colors?id=accent",
                                    "st_readmore_normal_color_responsive": "globals\/colors?id=a567df4",
                                    "st_readmore_hover_background_background_color": "globals\/colors?id=4a5499b",
                                    "st_readmore_hover_color_responsive": "globals\/colors?id=a567df4"
                                },
                                "st_post_item_border_radius_responsive": {
                                    "unit": "px",
                                    "top": "10",
                                    "right": "10",
                                    "bottom": "10",
                                    "left": "10",
                                    "isLinked": "1"
                                },
                                "st_post_item_boxshadow_box_shadow_box_shadow": {
                                    "horizontal": "0",
                                    "vertical": "10",
                                    "blur": "50",
                                    "spread": "0",
                                    "color": "rgba(0, 0, 0, 0.1)"
                                },
                                "st_thumbnail_background_overlay_background_color_stop": {
                                    "unit": "%",
                                    "size": "45",
                                    "sizes": []
                                },
                                "st_thumbnail_border_radius_responsive": {
                                    "unit": "px",
                                    "top": "10",
                                    "right": "10",
                                    "bottom": "10",
                                    "left": "10",
                                    "isLinked": "1"
                                },
                                "st_thumbnail_container_background_background_color_b": "",
                                "st_content_padding_responsive": {
                                    "unit": "px",
                                    "top": "10",
                                    "right": "0",
                                    "bottom": "20",
                                    "left": "0",
                                    "isLinked": ""
                                },
                                "st_content_border_radius_responsive": {
                                    "unit": "px",
                                    "top": "0",
                                    "right": "0",
                                    "bottom": "0",
                                    "left": "0",
                                    "isLinked": ""
                                },
                                "st_category_background_background_color_b": "",
                                "st_category_padding_responsive": {
                                    "unit": "px",
                                    "top": "4",
                                    "right": "20",
                                    "bottom": "4",
                                    "left": "20",
                                    "isLinked": ""
                                },
                                "st_category_margin_responsive": {
                                    "unit": "px",
                                    "top": "0",
                                    "right": "0",
                                    "bottom": "20",
                                    "left": "0",
                                    "isLinked": ""
                                },
                                "st_title_margin_responsive": {
                                    "unit": "px",
                                    "top": "0",
                                    "right": "0",
                                    "bottom": "15",
                                    "left": "0",
                                    "isLinked": ""
                                },
                                "st_excerpt_color_responsive": "#09245DB3",
                                "st_category_position": "left",
                                "st_category_background_background_background": "classic",
                                "st_category_border_radius_responsive": {
                                    "unit": "px",
                                    "top": "25",
                                    "right": "25",
                                    "bottom": "25",
                                    "left": "25",
                                    "isLinked": "1"
                                },
                                "st_category_border_border_border": "none",
                                "st_category_border_border_width": {
                                    "unit": "px",
                                    "top": "1",
                                    "right": "1",
                                    "bottom": "1",
                                    "left": "1",
                                    "isLinked": "1"
                                },
                                "st_category_background_background_color": "#FFFFFF",
                                "st_category_border_border_color": "#FFFFFF",
                                "st_title_hover_color_responsive": "#2062F0",
                                "st_thumbnail_container_height_responsive_mobile": {
                                    "unit": "px",
                                    "size": "200",
                                    "sizes": []
                                },
                                "_animation": "fadeIn",
                                "_animation_delay": "200",
                                "post_offset": 1,
                                "st_pagination_padding_responsive": {
                                    "unit": "px",
                                    "top": "13",
                                    "right": "28",
                                    "bottom": "13",
                                    "left": "28",
                                    "isLinked": false
                                },
                                "st_pagination_width_responsive": {
                                    "unit": "%",
                                    "size": 19,
                                    "sizes": []
                                },
                                "st_pagination_normal_background_background_background": "classic",
                                "st_pagination_normal_background_background_gradient_angle": {
                                    "unit": "deg",
                                    "size": 110,
                                    "sizes": []
                                },
                                "st_pagination_normal_border_radius_responsive": {
                                    "unit": "px",
                                    "top": "25",
                                    "right": "25",
                                    "bottom": "25",
                                    "left": "25",
                                    "isLinked": true
                                },
                                "st_pagination_normal_boxshadow_box_shadow_box_shadow_type": "yes",
                                "st_pagination_normal_boxshadow_box_shadow_box_shadow": {
                                    "horizontal": 0,
                                    "vertical": 0,
                                    "blur": 10,
                                    "spread": 0,
                                    "color": "rgba(0, 0, 0, 0)"
                                },
                                "st_pagination_hover_background_background_background": "gradient",
                                "st_pagination_hover_background_background_gradient_angle": {
                                    "unit": "deg",
                                    "size": 110,
                                    "sizes": []
                                },
                                "st_category_typography_content_typography_typography": "custom",
                                "st_category_typography_content_typography_font_family": "Public Sans",
                                "st_category_typography_content_typography_font_size": {
                                    "unit": "px",
                                    "size": "14",
                                    "sizes": []
                                },
                                "st_category_typography_content_typography_font_size_mobile": {
                                    "unit": "px",
                                    "size": "12",
                                    "sizes": []
                                },
                                "st_category_typography_content_typography_font_weight": "400",
                                "st_category_typography_content_typography_text_transform": "none",
                                "st_category_typography_content_typography_font_style": "normal",
                                "st_category_typography_content_typography_text_decoration": "none",
                                "st_category_typography_content_typography_line_height": {
                                    "unit": "em",
                                    "size": "1.3",
                                    "sizes": []
                                },
                                "st_pagination_normal_color_responsive": "#FFFFFF",
                                "st_pagination_normal_background_background_color": "#8667DD",
                                "st_pagination_normal_background_background_color_b": "#2062F0",
                                "st_pagination_normal_border_border_border": "none",
                                "st_pagination_hover_background_background_color": "#2062F0",
                                "st_pagination_hover_background_background_color_b": "#2062F0",
                                "sg_content_column_responsive_mobile": {
                                    "unit": "px",
                                    "size": 1,
                                    "sizes": []
                                },
                                "st_pagination_width_responsive_mobile": {
                                    "unit": "%",
                                    "size": 60,
                                    "sizes": []
                                },
                                "sg_content_category_enable": "",
                                "exclude_post": "1050",
                                "st_wrapper_padding_responsive": {
                                    "unit": "px",
                                    "top": "0",
                                    "right": "0",
                                    "bottom": "0",
                                    "left": "0",
                                    "isLinked": false
                                },
                                "st_thumbnail_width_responsive": {
                                    "unit": "px",
                                    "size": 40,
                                    "sizes": []
                                },
                                "st_post_item_gap_responsive_tablet": {
                                    "unit": "px",
                                    "size": 20,
                                    "sizes": []
                                },
                                "st_post_item_padding_responsive_tablet": {
                                    "unit": "px",
                                    "top": "20",
                                    "right": "0",
                                    "bottom": "20",
                                    "left": "0",
                                    "isLinked": false
                                },
                                "st_post_item_margin_responsive_tablet": {
                                    "unit": "px",
                                    "top": "0",
                                    "right": "0",
                                    "bottom": "0",
                                    "left": "0",
                                    "isLinked": false
                                },
                                "st_content_padding_responsive_tablet": {
                                    "unit": "px",
                                    "top": "20",
                                    "right": "0",
                                    "bottom": "0",
                                    "left": "0",
                                    "isLinked": false
                                },
                                "sg_content_postblock_type": "type-3",
                                "sg_content_column_responsive": {
                                    "unit": "px",
                                    "size": 2,
                                    "sizes": []
                                },
                                "number_post": {
                                    "unit": "px",
                                    "size": 5,
                                    "sizes": []
                                },
                                "st_post_item_gap_responsive_laptop": {
                                    "unit": "px",
                                    "size": 70,
                                    "sizes": []
                                },
                                "st_post_item_gap_responsive_mobile": {
                                    "unit": "px",
                                    "size": 34,
                                    "sizes": []
                                },
                                "st_post_item_padding_responsive_mobile": {
                                    "unit": "px",
                                    "top": "20",
                                    "right": "0",
                                    "bottom": "20",
                                    "left": "0",
                                    "isLinked": false
                                },
                                "st_excerpt_margin_responsive": {
                                    "unit": "px",
                                    "top": "0",
                                    "right": "0",
                                    "bottom": "0",
                                    "left": "0",
                                    "isLinked": false
                                },
                                "st_readmore_padding_responsive": {
                                    "unit": "px",
                                    "top": "7",
                                    "right": "30",
                                    "bottom": "7",
                                    "left": "30",
                                    "isLinked": false
                                },
                                "st_readmore_margin_responsive": {
                                    "unit": "px",
                                    "top": "-3",
                                    "right": "0",
                                    "bottom": "0",
                                    "left": "0",
                                    "isLinked": false
                                },
                                "st_readmore_normal_background_background_background": "classic",
                                "st_readmore_normal_border_radius_responsive": {
                                    "unit": "px",
                                    "top": "10",
                                    "right": "10",
                                    "bottom": "10",
                                    "left": "10",
                                    "isLinked": true
                                },
                                "st_readmore_hover_background_background_background": "classic"
                            },
                            "elements": [],
                            "isInner": false,
                            "widgetType": "jkit_post_block",
                            "elType": "widget"
                        }
                    ],
                    "isInner": false,
                    "elType": "column"
                },
                {
                    "id": "1b3f52e8",
                    "settings": {
                        "_column_size": 50,
                        "_inline_size": 33,
                        "margin": {
                            "unit": "px",
                            "top": "0",
                            "right": "0",
                            "bottom": "0",
                            "left": "30",
                            "isLinked": false
                        },
                        "margin_tablet": {
                            "unit": "px",
                            "top": "0",
                            "right": "0",
                            "bottom": "0",
                            "left": "20",
                            "isLinked": false
                        },
                        "margin_mobile": {
                            "unit": "px",
                            "top": "40",
                            "right": "0",
                            "bottom": "0",
                            "left": "0",
                            "isLinked": false
                        }
                    },
                    "elements": [
                        {
                            "id": "3f82e864",
                            "settings": {
                                "title": "Latest Articles",
                                "__globals__": {
                                    "typography_typography": "globals\/typography?id=887363b",
                                    "title_color": "globals\/colors?id=primary"
                                }
                            },
                            "elements": [],
                            "isInner": false,
                            "widgetType": "heading",
                            "elType": "widget"
                        },
                        {
                            "id": "2aea6c8a",
                            "settings": {
                                "sg_content_meta_date_format_custom": "F j, Y",
                                "number_post": {
                                    "unit": "px",
                                    "size": 6,
                                    "sizes": []
                                },
                                "pagination_prev_text": "Previous",
                                "pagination_next_text": "Next",
                                "pagination_loadmore_text": "Load More",
                                "pagination_loading_text": "Loading...",
                                "st_content_padding_responsive": {
                                    "unit": "px",
                                    "top": "10",
                                    "right": "0",
                                    "bottom": "10",
                                    "left": "0",
                                    "isLinked": false
                                },
                                "st_content_width_responsive": {
                                    "unit": "%",
                                    "size": 100,
                                    "sizes": []
                                },
                                "st_content_width_responsive_laptop": {
                                    "unit": "%",
                                    "size": "",
                                    "sizes": []
                                },
                                "st_content_width_responsive_tablet": {
                                    "unit": "%",
                                    "size": "",
                                    "sizes": []
                                },
                                "st_content_width_responsive_mobile": {
                                    "unit": "%",
                                    "size": "",
                                    "sizes": []
                                },
                                "st_icon_height_responsive": {
                                    "unit": "px",
                                    "size": 11,
                                    "sizes": []
                                },
                                "st_icon_width_responsive": {
                                    "unit": "px",
                                    "size": 43,
                                    "sizes": []
                                },
                                "st_icon_line_height_responsive": {
                                    "unit": "px",
                                    "size": 0,
                                    "sizes": []
                                },
                                "st_icon_size_responsive": {
                                    "unit": "px",
                                    "size": 8,
                                    "sizes": []
                                },
                                "st_nocontent_text": "No Content Available",
                                "__globals__": {
                                    "st_title_typography_content_typography_typography": "globals\/typography?id=text",
                                    "st_title_color_responsive": "globals\/colors?id=primary",
                                    "st_title_hover_color_responsive": "globals\/colors?id=4a5499b"
                                }
                            },
                            "elements": [],
                            "isInner": false,
                            "widgetType": "jkit_post_list",
                            "elType": "widget"
                        },
                        {
                            "id": "3e294df2",
                            "settings": {
                                "margin": {
                                    "unit": "px",
                                    "top": "30",
                                    "right": 0,
                                    "bottom": "0",
                                    "left": 0,
                                    "isLinked": false
                                },
                                "margin_mobile": {
                                    "unit": "px",
                                    "top": "0",
                                    "right": 0,
                                    "bottom": "0",
                                    "left": 0,
                                    "isLinked": false
                                }
                            },
                            "elements": [
                                {
                                    "id": "593b136d",
                                    "settings": {
                                        "_column_size": 100,
                                        "_inline_size": null,
                                        "background_background": "gradient",
                                        "background_image": {
                                            "url": "",
                                            "id": "",
                                            "size": "",
                                            "alt": "",
                                            "source": "library"
                                        },
                                        "background_position": "bottom right",
                                        "background_repeat": "no-repeat",
                                        "background_size": "cover",
                                        "background_bg_width": {
                                            "unit": "%",
                                            "size": 60,
                                            "sizes": []
                                        },
                                        "border_border": "solid",
                                        "border_width": {
                                            "unit": "px",
                                            "top": "1",
                                            "right": "1",
                                            "bottom": "1",
                                            "left": "1",
                                            "isLinked": true
                                        },
                                        "border_radius": {
                                            "unit": "px",
                                            "top": "10",
                                            "right": "10",
                                            "bottom": "10",
                                            "left": "10",
                                            "isLinked": true
                                        },
                                        "__globals__": {
                                            "background_color": "globals\/colors?id=beb0691",
                                            "border_color": "globals\/colors?id=659f957",
                                            "background_color_b": "globals\/colors?id=b9ee49c"
                                        },
                                        "padding": {
                                            "unit": "px",
                                            "top": "0",
                                            "right": "0",
                                            "bottom": "0",
                                            "left": "0",
                                            "isLinked": false
                                        },
                                        "background_color_b_stop": {
                                            "unit": "%",
                                            "size": 79,
                                            "sizes": []
                                        },
                                        "background_overlay_background": "classic",
                                        "background_overlay_image": {
                                            "url": "https:\/\/cleanzone.1onestrong.com\/wp-content\/uploads\/2023\/07\/Asset-002.png",
                                            "id": 216,
                                            "size": "",
                                            "alt": "",
                                            "source": "library"
                                        },
                                        "background_overlay_position": "bottom right",
                                        "background_overlay_repeat": "no-repeat",
                                        "background_overlay_size": "initial",
                                        "background_overlay_bg_width": {
                                            "unit": "%",
                                            "size": 58,
                                            "sizes": []
                                        },
                                        "background_overlay_opacity": {
                                            "unit": "px",
                                            "size": 1,
                                            "sizes": []
                                        },
                                        "border_color": "#8786864A",
                                        "background_overlay_bg_width_laptop": {
                                            "unit": "%",
                                            "size": 90,
                                            "sizes": []
                                        },
                                        "background_overlay_bg_width_tablet": {
                                            "unit": "%",
                                            "size": 84,
                                            "sizes": []
                                        },
                                        "background_overlay_bg_width_mobile": {
                                            "unit": "%",
                                            "size": 77,
                                            "sizes": []
                                        },
                                        "margin_mobile": {
                                            "unit": "px",
                                            "top": "20",
                                            "right": "0",
                                            "bottom": "0",
                                            "left": "0",
                                            "isLinked": false
                                        },
                                        "_inline_size_tablet": 100,
                                        "margin_tablet": {
                                            "unit": "px",
                                            "top": "0",
                                            "right": "0",
                                            "bottom": "0",
                                            "left": "0",
                                            "isLinked": false
                                        },
                                        "animation": "fadeIn",
                                        "animation_delay": 250,
                                        "margin": {
                                            "unit": "px",
                                            "top": "0",
                                            "right": "0",
                                            "bottom": "0",
                                            "left": "0",
                                            "isLinked": false
                                        }
                                    },
                                    "elements": [
                                        {
                                            "id": "4e620a39",
                                            "settings": {
                                                "sg_banner_image": {
                                                    "url": "",
                                                    "id": "",
                                                    "size": ""
                                                },
                                                "sg_banner_image_size_imagesize_size": "full",
                                                "sg_banner_title": "Book Your Cleaning Today!",
                                                "sg_banner_subtitle": "Get An Instant Price",
                                                "sg_button_text": "",
                                                "sg_button_link": {
                                                    "url": "",
                                                    "is_external": false,
                                                    "nofollow": false,
                                                    "custom_attributes": ""
                                                },
                                                "sg_button_icon": {
                                                    "value": "",
                                                    "library": ""
                                                },
                                                "st_banner_padding_responsive": {
                                                    "unit": "px",
                                                    "top": "0",
                                                    "right": "0",
                                                    "bottom": "0",
                                                    "left": "0",
                                                    "isLinked": false
                                                },
                                                "st_content_padding_wrapper_responsive": {
                                                    "unit": "px",
                                                    "top": "50",
                                                    "right": "0",
                                                    "bottom": "0",
                                                    "left": "30",
                                                    "isLinked": false
                                                },
                                                "st_content_subtitle_spacing": {
                                                    "unit": "px",
                                                    "size": 0,
                                                    "sizes": []
                                                },
                                                "_element_width": "initial",
                                                "_element_custom_width": {
                                                    "unit": "%",
                                                    "size": 75,
                                                    "sizes": []
                                                },
                                                "__globals__": {
                                                    "st_content_title_typography_content_typography_typography": "globals\/typography?id=3a09443",
                                                    "st_content_subtitle_typography_content_typography_typography": "globals\/typography?id=text",
                                                    "st_content_subtitle_color": "globals\/colors?id=4a5499b",
                                                    "st_content_button_link_typography_content_typography_typography": "globals\/typography?id=accent",
                                                    "st_content_background_background_color": "globals\/colors?id=primary",
                                                    "st_content_title_color": "globals\/colors?id=a567df4"
                                                },
                                                "st_content_title_spacing": {
                                                    "unit": "px",
                                                    "size": 0,
                                                    "sizes": []
                                                },
                                                "_element_custom_width_mobile": {
                                                    "unit": "%",
                                                    "size": 75,
                                                    "sizes": []
                                                }
                                            },
                                            "elements": [],
                                            "isInner": false,
                                            "widgetType": "jkit_banner",
                                            "elType": "widget"
                                        },
                                        {
                                            "id": "3a977211",
                                            "settings": {
                                                "text": "888-255-7777",
                                                "_margin": {
                                                    "unit": "px",
                                                    "top": "-126",
                                                    "right": "0",
                                                    "bottom": "0",
                                                    "left": "30",
                                                    "isLinked": false
                                                },
                                                "selected_icon": {
                                                    "value": "fas fa-phone-alt",
                                                    "library": "fa-solid"
                                                },
                                                "icon_indent": {
                                                    "unit": "px",
                                                    "size": 9,
                                                    "sizes": []
                                                },
                                                "border_border": "solid",
                                                "border_width": {
                                                    "unit": "px",
                                                    "top": "1",
                                                    "right": "1",
                                                    "bottom": "1",
                                                    "left": "1",
                                                    "isLinked": true
                                                },
                                                "__globals__": {
                                                    "typography_typography": "globals\/typography?id=accent",
                                                    "background_color": "globals\/colors?id=4a5499b",
                                                    "button_text_color": "globals\/colors?id=a567df4",
                                                    "button_background_hover_color": "globals\/colors?id=accent",
                                                    "hover_color": "globals\/colors?id=a567df4",
                                                    "button_hover_border_color": "globals\/colors?id=a567df4",
                                                    "border_color": "globals\/colors?id=4a5499b"
                                                },
                                                "_margin_laptop": {
                                                    "unit": "px",
                                                    "top": "24",
                                                    "right": "0",
                                                    "bottom": "0",
                                                    "left": "25",
                                                    "isLinked": false
                                                },
                                                "_margin_mobile": {
                                                    "unit": "px",
                                                    "top": "-79",
                                                    "right": "0",
                                                    "bottom": "0",
                                                    "left": "25",
                                                    "isLinked": false
                                                },
                                                "_margin_tablet": {
                                                    "unit": "px",
                                                    "top": "-115",
                                                    "right": "0",
                                                    "bottom": "0",
                                                    "left": "25",
                                                    "isLinked": false
                                                }
                                            },
                                            "elements": [],
                                            "isInner": false,
                                            "widgetType": "button",
                                            "elType": "widget"
                                        }
                                    ],
                                    "isInner": true,
                                    "elType": "column"
                                }
                            ],
                            "isInner": true,
                            "elType": "section"
                        }
                    ],
                    "isInner": false,
                    "elType": "column"
                }
            ],
            "isInner": false,
            "elType": "section"
        }
    ]
}