{
    "version": "0.4",
    "title": "Checkpricing &#8211; Section &#8211; metform",
    "type": "section",
    "metadata": {
        "template_type": "section-pricing",
        "include_in_zip": "1",
        "elementor_pro_required": null,
        "wp_page_template": "elementor_canvas"
    },
    "content": [
        {
            "id": "2d1f497d",
            "settings": {
                "__globals__": {
                    "background_color": "globals\/colors?id=secondary"
                },
                "structure": "30",
                "gap": "no"
            },
            "elements": [
                {
                    "id": "402ee743",
                    "settings": {
                        "_column_size": 33,
                        "_inline_size": null,
                        "margin": {
                            "unit": "px",
                            "top": "5",
                            "right": "5",
                            "bottom": "5",
                            "left": "5",
                            "isLinked": false
                        }
                    },
                    "elements": [
                        {
                            "id": "6f97c040",
                            "settings": {
                                "mf_input_label": "",
                                "mf_input_placeholder": "Name",
                                "mf_input_validation_warning_message": "This field is required.",
                                "__globals__": {
                                    "mf_input_label_typography_typography": "globals\/typography?id=text",
                                    "mf_input_label_color": "globals\/colors?id=secondary",
                                    "mf_input_background_color": "globals\/colors?id=a567df4",
                                    "mf_input_border_color": "globals\/colors?id=659f957",
                                    "mf_input_typgraphy_typography": "globals\/typography?id=0d5e945",
                                    "mf_input_place_holder_typography_typography": "globals\/typography?id=text",
                                    "mf_input_placeholder_color": "globals\/colors?id=text",
                                    "mf_input_border_hover_color": "globals\/colors?id=659f957",
                                    "mf_input_border_focus_color": "globals\/colors?id=659f957",
                                    "mf_input_color": "globals\/colors?id=beb0691",
                                    "mf_input_color_hover": "globals\/colors?id=accent",
                                    "mf_input_color_focus": "globals\/colors?id=beb0691",
                                    "_background_color": "globals\/colors?id=a567df4"
                                },
                                "mf_input_background_background": "classic",
                                "mf_input_border_border": "solid",
                                "mf_input_border_width": {
                                    "unit": "px",
                                    "top": "1",
                                    "right": "1",
                                    "bottom": "1",
                                    "left": "1",
                                    "isLinked": true
                                },
                                "mf_input_label_padding": {
                                    "unit": "px",
                                    "top": "0",
                                    "right": "0",
                                    "bottom": "0",
                                    "left": "10",
                                    "isLinked": false
                                },
                                "mf_input_border_hover_border": "solid",
                                "mf_input_border_hover_width": {
                                    "unit": "px",
                                    "top": "1",
                                    "right": "1",
                                    "bottom": "1",
                                    "left": "1",
                                    "isLinked": true
                                },
                                "mf_input_label_status": "",
                                "mf_input_required": "yes",
                                "mf_input_padding": {
                                    "unit": "px",
                                    "top": "12",
                                    "right": "0",
                                    "bottom": "12",
                                    "left": "15",
                                    "isLinked": false
                                },
                                "mf_input_border_focus_border": "solid",
                                "mf_input_border_focus_width": {
                                    "unit": "px",
                                    "top": "1",
                                    "right": "1",
                                    "bottom": "1",
                                    "left": "1",
                                    "isLinked": true
                                },
                                "mf_input_margin": {
                                    "unit": "px",
                                    "top": "0",
                                    "right": "0",
                                    "bottom": "0",
                                    "left": "0",
                                    "isLinked": false
                                },
                                "mf_input_label_typography_typography": "custom",
                                "mf_input_label_typography_font_family": "Manrope",
                                "mf_input_label_typography_font_size": {
                                    "unit": "px",
                                    "size": 15,
                                    "sizes": []
                                },
                                "mf_input_label_typography_font_size_tablet": {
                                    "unit": "px",
                                    "size": 14,
                                    "sizes": []
                                },
                                "mf_input_label_typography_font_size_mobile": {
                                    "unit": "px",
                                    "size": 14,
                                    "sizes": []
                                },
                                "mf_input_label_typography_font_weight": "400",
                                "mf_input_label_typography_text_transform": "none",
                                "mf_input_label_typography_line_height": {
                                    "unit": "em",
                                    "size": 1.6000000000000001,
                                    "sizes": []
                                },
                                "mf_input_label_typography_letter_spacing": {
                                    "unit": "px",
                                    "size": 0,
                                    "sizes": []
                                },
                                "mf_input_border_hover_color": "#87868636",
                                "mf_input_border_focus_color": "#737473",
                                "mf_input_typgraphy_typography": "custom",
                                "mf_input_typgraphy_font_family": "Manrope",
                                "mf_input_typgraphy_font_size": {
                                    "unit": "px",
                                    "size": 15,
                                    "sizes": []
                                },
                                "mf_input_typgraphy_font_size_tablet": {
                                    "unit": "px",
                                    "size": 14,
                                    "sizes": []
                                },
                                "mf_input_typgraphy_font_size_mobile": {
                                    "unit": "px",
                                    "size": 14,
                                    "sizes": []
                                },
                                "mf_input_typgraphy_font_weight": "400",
                                "mf_input_typgraphy_text_transform": "none",
                                "mf_input_typgraphy_line_height": {
                                    "unit": "em",
                                    "size": 1.6000000000000001,
                                    "sizes": []
                                },
                                "mf_input_typgraphy_letter_spacing": {
                                    "unit": "px",
                                    "size": 0,
                                    "sizes": []
                                },
                                "mf_input_place_holder_typography_typography": "custom",
                                "mf_input_place_holder_typography_font_family": "Manrope",
                                "mf_input_place_holder_typography_font_size": {
                                    "unit": "px",
                                    "size": 15,
                                    "sizes": []
                                },
                                "mf_input_place_holder_typography_font_size_tablet": {
                                    "unit": "px",
                                    "size": 14,
                                    "sizes": []
                                },
                                "mf_input_place_holder_typography_font_size_mobile": {
                                    "unit": "px",
                                    "size": 14,
                                    "sizes": []
                                },
                                "mf_input_place_holder_typography_font_weight": "400",
                                "mf_input_place_holder_typography_text_transform": "none",
                                "mf_input_place_holder_typography_line_height": {
                                    "unit": "em",
                                    "size": 1.6000000000000001,
                                    "sizes": []
                                },
                                "mf_input_place_holder_typography_letter_spacing": {
                                    "unit": "px",
                                    "size": 0,
                                    "sizes": []
                                },
                                "mf_input_placeholder_color": "#181818",
                                "mf_input_border_radius": {
                                    "unit": "px",
                                    "size": 10,
                                    "sizes": []
                                }
                            },
                            "elements": [],
                            "isInner": false,
                            "widgetType": "mf-listing-fname",
                            "elType": "widget"
                        }
                    ],
                    "isInner": false,
                    "elType": "column"
                },
                {
                    "id": "7d1cb8fa",
                    "settings": {
                        "_column_size": 33,
                        "_inline_size": null,
                        "margin": {
                            "unit": "px",
                            "top": "5",
                            "right": "5",
                            "bottom": "5",
                            "left": "5",
                            "isLinked": true
                        }
                    },
                    "elements": [
                        {
                            "id": "4600289a",
                            "settings": {
                                "mf_input_label": "Your Email",
                                "mf_input_name": "mf-email_527908",
                                "mf_input_placeholder": "Email",
                                "mf_input_validation_warning_message": "This field is required.",
                                "mf_input_background_background": "classic",
                                "mf_input_border_border": "solid",
                                "mf_input_border_width": {
                                    "unit": "px",
                                    "top": "1",
                                    "right": "1",
                                    "bottom": "1",
                                    "left": "1",
                                    "isLinked": true
                                },
                                "__globals__": {
                                    "mf_input_label_typography_typography": "globals\/typography?id=text",
                                    "mf_input_label_color": "globals\/colors?id=secondary",
                                    "mf_input_background_color": "globals\/colors?id=a567df4",
                                    "mf_input_border_color": "globals\/colors?id=659f957",
                                    "mf_input_typgraphy_typography": "globals\/typography?id=0d5e945",
                                    "mf_input_place_holder_typography_typography": "globals\/typography?id=text",
                                    "mf_input_placeholder_color": "globals\/colors?id=text",
                                    "mf_input_border_hover_color": "globals\/colors?id=659f957",
                                    "mf_input_border_focus_color": "globals\/colors?id=659f957",
                                    "mf_input_color": "globals\/colors?id=beb0691",
                                    "mf_input_color_hover": "globals\/colors?id=accent",
                                    "mf_input_color_focus": "globals\/colors?id=beb0691",
                                    "_background_color": "globals\/colors?id=a567df4"
                                },
                                "mf_input_label_padding": {
                                    "unit": "px",
                                    "top": "0",
                                    "right": "0",
                                    "bottom": "0",
                                    "left": "10",
                                    "isLinked": false
                                },
                                "mf_input_border_hover_border": "solid",
                                "mf_input_border_hover_width": {
                                    "unit": "px",
                                    "top": "1",
                                    "right": "1",
                                    "bottom": "1",
                                    "left": "1",
                                    "isLinked": true
                                },
                                "mf_input_label_status": "",
                                "mf_input_padding": {
                                    "unit": "px",
                                    "top": "12",
                                    "right": "0",
                                    "bottom": "12",
                                    "left": "15",
                                    "isLinked": false
                                },
                                "mf_input_border_focus_border": "solid",
                                "mf_input_border_focus_width": {
                                    "unit": "px",
                                    "top": "1",
                                    "right": "1",
                                    "bottom": "1",
                                    "left": "1",
                                    "isLinked": true
                                },
                                "mf_input_label_typography_typography": "custom",
                                "mf_input_label_typography_font_family": "Manrope",
                                "mf_input_label_typography_font_size": {
                                    "unit": "px",
                                    "size": 15,
                                    "sizes": []
                                },
                                "mf_input_label_typography_font_size_tablet": {
                                    "unit": "px",
                                    "size": 14,
                                    "sizes": []
                                },
                                "mf_input_label_typography_font_size_mobile": {
                                    "unit": "px",
                                    "size": 14,
                                    "sizes": []
                                },
                                "mf_input_label_typography_font_weight": "400",
                                "mf_input_label_typography_text_transform": "none",
                                "mf_input_label_typography_line_height": {
                                    "unit": "em",
                                    "size": 1.6000000000000001,
                                    "sizes": []
                                },
                                "mf_input_label_typography_letter_spacing": {
                                    "unit": "px",
                                    "size": 0,
                                    "sizes": []
                                },
                                "mf_input_border_hover_color": "#87868636",
                                "mf_input_border_focus_color": "#737473",
                                "mf_input_typgraphy_typography": "custom",
                                "mf_input_typgraphy_font_family": "Manrope",
                                "mf_input_typgraphy_font_size": {
                                    "unit": "px",
                                    "size": 15,
                                    "sizes": []
                                },
                                "mf_input_typgraphy_font_size_tablet": {
                                    "unit": "px",
                                    "size": 14,
                                    "sizes": []
                                },
                                "mf_input_typgraphy_font_size_mobile": {
                                    "unit": "px",
                                    "size": 14,
                                    "sizes": []
                                },
                                "mf_input_typgraphy_font_weight": "400",
                                "mf_input_typgraphy_text_transform": "none",
                                "mf_input_typgraphy_line_height": {
                                    "unit": "em",
                                    "size": 1.6000000000000001,
                                    "sizes": []
                                },
                                "mf_input_typgraphy_letter_spacing": {
                                    "unit": "px",
                                    "size": 0,
                                    "sizes": []
                                },
                                "mf_input_place_holder_typography_typography": "custom",
                                "mf_input_place_holder_typography_font_family": "Manrope",
                                "mf_input_place_holder_typography_font_size": {
                                    "unit": "px",
                                    "size": 15,
                                    "sizes": []
                                },
                                "mf_input_place_holder_typography_font_size_tablet": {
                                    "unit": "px",
                                    "size": 14,
                                    "sizes": []
                                },
                                "mf_input_place_holder_typography_font_size_mobile": {
                                    "unit": "px",
                                    "size": 14,
                                    "sizes": []
                                },
                                "mf_input_place_holder_typography_font_weight": "400",
                                "mf_input_place_holder_typography_text_transform": "none",
                                "mf_input_place_holder_typography_line_height": {
                                    "unit": "em",
                                    "size": 1.6000000000000001,
                                    "sizes": []
                                },
                                "mf_input_place_holder_typography_letter_spacing": {
                                    "unit": "px",
                                    "size": 0,
                                    "sizes": []
                                },
                                "mf_input_placeholder_color": "#181818",
                                "mf_input_margin": {
                                    "unit": "px",
                                    "top": "0",
                                    "right": "0",
                                    "bottom": "0",
                                    "left": "0",
                                    "isLinked": false
                                },
                                "mf_input_border_radius": {
                                    "unit": "px",
                                    "size": 10,
                                    "sizes": []
                                }
                            },
                            "elements": [],
                            "isInner": false,
                            "widgetType": "mf-email",
                            "elType": "widget"
                        }
                    ],
                    "isInner": false,
                    "elType": "column"
                },
                {
                    "id": "7832427",
                    "settings": {
                        "_column_size": 33,
                        "_inline_size": null,
                        "margin": {
                            "unit": "px",
                            "top": "5",
                            "right": "5",
                            "bottom": "5",
                            "left": "5",
                            "isLinked": true
                        }
                    },
                    "elements": [
                        {
                            "id": "56f24f87",
                            "settings": {
                                "mf_input_label_status": "",
                                "mf_input_label": "Telephone",
                                "mf_input_name": "mf-telephone",
                                "mf_input_placeholder": "Phone",
                                "mf_input_validation_warning_message": "This field is required.",
                                "mf_input_label_padding": {
                                    "unit": "px",
                                    "top": "0",
                                    "right": "0",
                                    "bottom": "0",
                                    "left": "10",
                                    "isLinked": false
                                },
                                "mf_input_padding": {
                                    "unit": "px",
                                    "top": "12",
                                    "right": "0",
                                    "bottom": "12",
                                    "left": "15",
                                    "isLinked": false
                                },
                                "mf_input_background_background": "classic",
                                "mf_input_border_border": "solid",
                                "mf_input_border_width": {
                                    "unit": "px",
                                    "top": "1",
                                    "right": "1",
                                    "bottom": "1",
                                    "left": "1",
                                    "isLinked": true
                                },
                                "mf_input_border_hover_border": "solid",
                                "mf_input_border_hover_width": {
                                    "unit": "px",
                                    "top": "1",
                                    "right": "1",
                                    "bottom": "1",
                                    "left": "1",
                                    "isLinked": true
                                },
                                "mf_input_border_focus_border": "solid",
                                "mf_input_border_focus_width": {
                                    "unit": "px",
                                    "top": "1",
                                    "right": "1",
                                    "bottom": "1",
                                    "left": "1",
                                    "isLinked": true
                                },
                                "__globals__": {
                                    "mf_input_label_typography_typography": "globals\/typography?id=text",
                                    "mf_input_label_color": "globals\/colors?id=secondary",
                                    "mf_input_background_color": "globals\/colors?id=a567df4",
                                    "mf_input_border_color": "globals\/colors?id=659f957",
                                    "mf_input_typgraphy_typography": "globals\/typography?id=0d5e945",
                                    "mf_input_place_holder_typography_typography": "globals\/typography?id=text",
                                    "mf_input_placeholder_color": "globals\/colors?id=text",
                                    "mf_input_border_hover_color": "globals\/colors?id=659f957",
                                    "mf_input_border_focus_color": "globals\/colors?id=659f957",
                                    "mf_input_color": "globals\/colors?id=beb0691",
                                    "mf_input_color_hover": "globals\/colors?id=accent",
                                    "mf_input_color_focus": "globals\/colors?id=beb0691",
                                    "_background_color": "globals\/colors?id=a567df4"
                                },
                                "mf_input_label_typography_typography": "custom",
                                "mf_input_label_typography_font_family": "Manrope",
                                "mf_input_label_typography_font_size": {
                                    "unit": "px",
                                    "size": 15,
                                    "sizes": []
                                },
                                "mf_input_label_typography_font_size_tablet": {
                                    "unit": "px",
                                    "size": 14,
                                    "sizes": []
                                },
                                "mf_input_label_typography_font_size_mobile": {
                                    "unit": "px",
                                    "size": 14,
                                    "sizes": []
                                },
                                "mf_input_label_typography_font_weight": "400",
                                "mf_input_label_typography_text_transform": "none",
                                "mf_input_label_typography_line_height": {
                                    "unit": "em",
                                    "size": 1.6000000000000001,
                                    "sizes": []
                                },
                                "mf_input_label_typography_letter_spacing": {
                                    "unit": "px",
                                    "size": 0,
                                    "sizes": []
                                },
                                "mf_input_border_hover_color": "#87868636",
                                "mf_input_border_focus_color": "#737473",
                                "mf_input_typgraphy_typography": "custom",
                                "mf_input_typgraphy_font_family": "Manrope",
                                "mf_input_typgraphy_font_size": {
                                    "unit": "px",
                                    "size": 15,
                                    "sizes": []
                                },
                                "mf_input_typgraphy_font_size_tablet": {
                                    "unit": "px",
                                    "size": 14,
                                    "sizes": []
                                },
                                "mf_input_typgraphy_font_size_mobile": {
                                    "unit": "px",
                                    "size": 14,
                                    "sizes": []
                                },
                                "mf_input_typgraphy_font_weight": "400",
                                "mf_input_typgraphy_text_transform": "none",
                                "mf_input_typgraphy_line_height": {
                                    "unit": "em",
                                    "size": 1.6000000000000001,
                                    "sizes": []
                                },
                                "mf_input_typgraphy_letter_spacing": {
                                    "unit": "px",
                                    "size": 0,
                                    "sizes": []
                                },
                                "mf_input_place_holder_typography_typography": "custom",
                                "mf_input_place_holder_typography_font_family": "Manrope",
                                "mf_input_place_holder_typography_font_size": {
                                    "unit": "px",
                                    "size": 15,
                                    "sizes": []
                                },
                                "mf_input_place_holder_typography_font_size_tablet": {
                                    "unit": "px",
                                    "size": 14,
                                    "sizes": []
                                },
                                "mf_input_place_holder_typography_font_size_mobile": {
                                    "unit": "px",
                                    "size": 14,
                                    "sizes": []
                                },
                                "mf_input_place_holder_typography_font_weight": "400",
                                "mf_input_place_holder_typography_text_transform": "none",
                                "mf_input_place_holder_typography_line_height": {
                                    "unit": "em",
                                    "size": 1.6000000000000001,
                                    "sizes": []
                                },
                                "mf_input_place_holder_typography_letter_spacing": {
                                    "unit": "px",
                                    "size": 0,
                                    "sizes": []
                                },
                                "mf_input_placeholder_color": "#181818",
                                "mf_input_margin": {
                                    "unit": "px",
                                    "top": "0",
                                    "right": "0",
                                    "bottom": "0",
                                    "left": "0",
                                    "isLinked": false
                                },
                                "mf_input_border_radius": {
                                    "unit": "px",
                                    "size": 10,
                                    "sizes": []
                                }
                            },
                            "elements": [],
                            "isInner": false,
                            "widgetType": "mf-telephone",
                            "elType": "widget"
                        }
                    ],
                    "isInner": false,
                    "elType": "column"
                }
            ],
            "isInner": false,
            "elType": "section"
        },
        {
            "id": "61919199",
            "settings": {
                "structure": "30",
                "gap": "no"
            },
            "elements": [
                {
                    "id": "31fef30f",
                    "settings": {
                        "_column_size": 33,
                        "_inline_size": null,
                        "margin": {
                            "unit": "px",
                            "top": "5",
                            "right": "5",
                            "bottom": "5",
                            "left": "5",
                            "isLinked": true
                        }
                    },
                    "elements": [
                        {
                            "id": "3e5eea59",
                            "settings": {
                                "mf_input_label_status": "",
                                "mf_input_label": "Select",
                                "mf_input_name": "mf-select",
                                "mf_input_placeholder": "Type of Services",
                                "mf_input_list": [
                                    {
                                        "mf_input_option_text": "On Time",
                                        "mf_input_option_value": "value-1",
                                        "_id": "f21eae0"
                                    },
                                    {
                                        "mf_input_option_text": "Weekly",
                                        "mf_input_option_value": "value-2",
                                        "_id": "8e5ee3e"
                                    },
                                    {
                                        "mf_input_option_text": "Fortnightly",
                                        "mf_input_option_value": "value-3",
                                        "_id": "f095c11"
                                    },
                                    {
                                        "mf_input_option_text": "Monthly",
                                        "mf_input_option_value": "value-3",
                                        "_id": "4ccb9a7"
                                    }
                                ],
                                "mf_input_validation_warning_message": "This field is required.",
                                "mf_input_label_typography_typography": "custom",
                                "mf_input_label_typography_font_family": "Manrope",
                                "mf_input_label_typography_font_size": {
                                    "unit": "px",
                                    "size": 15,
                                    "sizes": []
                                },
                                "mf_input_label_typography_font_size_tablet": {
                                    "unit": "px",
                                    "size": 14,
                                    "sizes": []
                                },
                                "mf_input_label_typography_font_size_mobile": {
                                    "unit": "px",
                                    "size": 14,
                                    "sizes": []
                                },
                                "mf_input_label_typography_font_weight": "400",
                                "mf_input_label_typography_text_transform": "none",
                                "mf_input_label_typography_line_height": {
                                    "unit": "em",
                                    "size": 1.6000000000000001,
                                    "sizes": []
                                },
                                "mf_input_label_typography_letter_spacing": {
                                    "unit": "px",
                                    "size": 0,
                                    "sizes": []
                                },
                                "mf_input_label_padding": {
                                    "unit": "px",
                                    "top": "0",
                                    "right": "0",
                                    "bottom": "0",
                                    "left": "10",
                                    "isLinked": false
                                },
                                "mf_input_padding": {
                                    "unit": "px",
                                    "top": "4",
                                    "right": "10",
                                    "bottom": "4",
                                    "left": "15",
                                    "isLinked": false
                                },
                                "mf_input_margin": {
                                    "unit": "px",
                                    "top": "0",
                                    "right": "0",
                                    "bottom": "0",
                                    "left": "0",
                                    "isLinked": false
                                },
                                "mf_input_background_background": "classic",
                                "mf_input_border_border": "solid",
                                "mf_input_border_width": {
                                    "unit": "px",
                                    "top": "1",
                                    "right": "1",
                                    "bottom": "1",
                                    "left": "1",
                                    "isLinked": true
                                },
                                "mf_input_border_hover_border": "solid",
                                "mf_input_border_hover_width": {
                                    "unit": "px",
                                    "top": "1",
                                    "right": "1",
                                    "bottom": "1",
                                    "left": "1",
                                    "isLinked": true
                                },
                                "mf_input_border_hover_color": "#87868636",
                                "mf_input_border_focus_border": "solid",
                                "mf_input_border_focus_width": {
                                    "unit": "px",
                                    "top": "1",
                                    "right": "1",
                                    "bottom": "1",
                                    "left": "1",
                                    "isLinked": true
                                },
                                "mf_input_border_focus_color": "#737473",
                                "mf_input_typgraphy_typography": "custom",
                                "mf_input_typgraphy_font_family": "Manrope",
                                "mf_input_typgraphy_font_size": {
                                    "unit": "px",
                                    "size": 15,
                                    "sizes": []
                                },
                                "mf_input_typgraphy_font_size_tablet": {
                                    "unit": "px",
                                    "size": 14,
                                    "sizes": []
                                },
                                "mf_input_typgraphy_font_size_mobile": {
                                    "unit": "px",
                                    "size": 14,
                                    "sizes": []
                                },
                                "mf_input_typgraphy_font_weight": "400",
                                "mf_input_typgraphy_text_transform": "none",
                                "mf_input_typgraphy_line_height": {
                                    "unit": "em",
                                    "size": 1.6000000000000001,
                                    "sizes": []
                                },
                                "mf_input_typgraphy_letter_spacing": {
                                    "unit": "px",
                                    "size": 0,
                                    "sizes": []
                                },
                                "mf_input_place_holder_typography_typography": "custom",
                                "mf_input_place_holder_typography_font_family": "Manrope",
                                "mf_input_place_holder_typography_font_size": {
                                    "unit": "px",
                                    "size": 15,
                                    "sizes": []
                                },
                                "mf_input_place_holder_typography_font_size_tablet": {
                                    "unit": "px",
                                    "size": 14,
                                    "sizes": []
                                },
                                "mf_input_place_holder_typography_font_size_mobile": {
                                    "unit": "px",
                                    "size": 14,
                                    "sizes": []
                                },
                                "mf_input_place_holder_typography_font_weight": "400",
                                "mf_input_place_holder_typography_text_transform": "none",
                                "mf_input_place_holder_typography_line_height": {
                                    "unit": "em",
                                    "size": 1.6000000000000001,
                                    "sizes": []
                                },
                                "mf_input_place_holder_typography_letter_spacing": {
                                    "unit": "px",
                                    "size": 0,
                                    "sizes": []
                                },
                                "mf_input_placeholder_color": "#181818",
                                "__globals__": {
                                    "mf_input_label_typography_typography": "globals\/typography?id=text",
                                    "mf_input_label_color": "globals\/colors?id=secondary",
                                    "mf_input_background_color": "globals\/colors?id=a567df4",
                                    "mf_input_border_color": "globals\/colors?id=659f957",
                                    "mf_input_typgraphy_typography": "globals\/typography?id=0d5e945",
                                    "mf_input_place_holder_typography_typography": "globals\/typography?id=text",
                                    "mf_input_placeholder_color": "globals\/colors?id=text",
                                    "mf_input_border_hover_color": "globals\/colors?id=659f957",
                                    "mf_input_border_focus_color": "globals\/colors?id=659f957",
                                    "mf_input_color": "globals\/colors?id=beb0691",
                                    "mf_input_color_hover": "globals\/colors?id=accent",
                                    "mf_input_color_focus": "globals\/colors?id=beb0691",
                                    "_background_color": "globals\/colors?id=a567df4"
                                },
                                "mf_input_border_radius": {
                                    "unit": "px",
                                    "size": 10,
                                    "sizes": []
                                }
                            },
                            "elements": [],
                            "isInner": false,
                            "widgetType": "mf-select",
                            "elType": "widget"
                        }
                    ],
                    "isInner": false,
                    "elType": "column"
                },
                {
                    "id": "2e34713f",
                    "settings": {
                        "_column_size": 33,
                        "_inline_size": null,
                        "margin": {
                            "unit": "px",
                            "top": "5",
                            "right": "5",
                            "bottom": "5",
                            "left": "5",
                            "isLinked": true
                        }
                    },
                    "elements": [
                        {
                            "id": "506d13e2",
                            "settings": {
                                "mf_input_label_status": "",
                                "mf_input_label": "Select",
                                "mf_input_name": "mf-select",
                                "mf_input_placeholder": "Select Services",
                                "mf_input_list": [
                                    {
                                        "mf_input_option_text": "House Cleaning",
                                        "mf_input_option_value": "value-1",
                                        "_id": "f21eae0"
                                    },
                                    {
                                        "mf_input_option_text": "Office Cleaning",
                                        "mf_input_option_value": "value-2",
                                        "_id": "8e5ee3e"
                                    },
                                    {
                                        "mf_input_option_text": "Deep Cleaning",
                                        "mf_input_option_value": "value-3",
                                        "_id": "f095c11"
                                    },
                                    {
                                        "mf_input_option_text": "Construction",
                                        "mf_input_option_value": "value-3",
                                        "_id": "4ccb9a7"
                                    }
                                ],
                                "mf_input_validation_warning_message": "This field is required.",
                                "mf_input_label_typography_typography": "custom",
                                "mf_input_label_typography_font_family": "Manrope",
                                "mf_input_label_typography_font_size": {
                                    "unit": "px",
                                    "size": 15,
                                    "sizes": []
                                },
                                "mf_input_label_typography_font_size_tablet": {
                                    "unit": "px",
                                    "size": 14,
                                    "sizes": []
                                },
                                "mf_input_label_typography_font_size_mobile": {
                                    "unit": "px",
                                    "size": 14,
                                    "sizes": []
                                },
                                "mf_input_label_typography_font_weight": "400",
                                "mf_input_label_typography_text_transform": "none",
                                "mf_input_label_typography_line_height": {
                                    "unit": "em",
                                    "size": 1.6000000000000001,
                                    "sizes": []
                                },
                                "mf_input_label_typography_letter_spacing": {
                                    "unit": "px",
                                    "size": 0,
                                    "sizes": []
                                },
                                "mf_input_label_padding": {
                                    "unit": "px",
                                    "top": "0",
                                    "right": "0",
                                    "bottom": "0",
                                    "left": "10",
                                    "isLinked": false
                                },
                                "mf_input_padding": {
                                    "unit": "px",
                                    "top": "4",
                                    "right": "10",
                                    "bottom": "4",
                                    "left": "15",
                                    "isLinked": false
                                },
                                "mf_input_margin": {
                                    "unit": "px",
                                    "top": "0",
                                    "right": "0",
                                    "bottom": "0",
                                    "left": "0",
                                    "isLinked": false
                                },
                                "mf_input_background_background": "classic",
                                "mf_input_border_border": "solid",
                                "mf_input_border_width": {
                                    "unit": "px",
                                    "top": "1",
                                    "right": "1",
                                    "bottom": "1",
                                    "left": "1",
                                    "isLinked": true
                                },
                                "mf_input_border_hover_border": "solid",
                                "mf_input_border_hover_width": {
                                    "unit": "px",
                                    "top": "1",
                                    "right": "1",
                                    "bottom": "1",
                                    "left": "1",
                                    "isLinked": true
                                },
                                "mf_input_border_hover_color": "#87868636",
                                "mf_input_border_focus_border": "solid",
                                "mf_input_border_focus_width": {
                                    "unit": "px",
                                    "top": "1",
                                    "right": "1",
                                    "bottom": "1",
                                    "left": "1",
                                    "isLinked": true
                                },
                                "mf_input_border_focus_color": "#737473",
                                "mf_input_typgraphy_typography": "custom",
                                "mf_input_typgraphy_font_family": "Manrope",
                                "mf_input_typgraphy_font_size": {
                                    "unit": "px",
                                    "size": 15,
                                    "sizes": []
                                },
                                "mf_input_typgraphy_font_size_tablet": {
                                    "unit": "px",
                                    "size": 14,
                                    "sizes": []
                                },
                                "mf_input_typgraphy_font_size_mobile": {
                                    "unit": "px",
                                    "size": 14,
                                    "sizes": []
                                },
                                "mf_input_typgraphy_font_weight": "400",
                                "mf_input_typgraphy_text_transform": "none",
                                "mf_input_typgraphy_line_height": {
                                    "unit": "em",
                                    "size": 1.6000000000000001,
                                    "sizes": []
                                },
                                "mf_input_typgraphy_letter_spacing": {
                                    "unit": "px",
                                    "size": 0,
                                    "sizes": []
                                },
                                "mf_input_place_holder_typography_typography": "custom",
                                "mf_input_place_holder_typography_font_family": "Manrope",
                                "mf_input_place_holder_typography_font_size": {
                                    "unit": "px",
                                    "size": 15,
                                    "sizes": []
                                },
                                "mf_input_place_holder_typography_font_size_tablet": {
                                    "unit": "px",
                                    "size": 14,
                                    "sizes": []
                                },
                                "mf_input_place_holder_typography_font_size_mobile": {
                                    "unit": "px",
                                    "size": 14,
                                    "sizes": []
                                },
                                "mf_input_place_holder_typography_font_weight": "400",
                                "mf_input_place_holder_typography_text_transform": "none",
                                "mf_input_place_holder_typography_line_height": {
                                    "unit": "em",
                                    "size": 1.6000000000000001,
                                    "sizes": []
                                },
                                "mf_input_place_holder_typography_letter_spacing": {
                                    "unit": "px",
                                    "size": 0,
                                    "sizes": []
                                },
                                "mf_input_placeholder_color": "#181818",
                                "__globals__": {
                                    "mf_input_label_typography_typography": "globals\/typography?id=text",
                                    "mf_input_label_color": "globals\/colors?id=secondary",
                                    "mf_input_background_color": "globals\/colors?id=a567df4",
                                    "mf_input_border_color": "globals\/colors?id=659f957",
                                    "mf_input_typgraphy_typography": "globals\/typography?id=0d5e945",
                                    "mf_input_place_holder_typography_typography": "globals\/typography?id=text",
                                    "mf_input_placeholder_color": "globals\/colors?id=text",
                                    "mf_input_border_hover_color": "globals\/colors?id=659f957",
                                    "mf_input_border_focus_color": "globals\/colors?id=659f957",
                                    "mf_input_color": "globals\/colors?id=beb0691",
                                    "mf_input_color_hover": "globals\/colors?id=accent",
                                    "mf_input_color_focus": "globals\/colors?id=beb0691",
                                    "_background_color": "globals\/colors?id=a567df4"
                                },
                                "mf_input_border_radius": {
                                    "unit": "px",
                                    "size": 10,
                                    "sizes": []
                                }
                            },
                            "elements": [],
                            "isInner": false,
                            "widgetType": "mf-select",
                            "elType": "widget"
                        }
                    ],
                    "isInner": false,
                    "elType": "column"
                },
                {
                    "id": "47067c8e",
                    "settings": {
                        "_column_size": 33,
                        "_inline_size": null,
                        "margin": {
                            "unit": "px",
                            "top": "5",
                            "right": "5",
                            "bottom": "5",
                            "left": "5",
                            "isLinked": true
                        }
                    },
                    "elements": [
                        {
                            "id": "3b188dc2",
                            "settings": {
                                "mf_input_label_status": "",
                                "mf_input_label": "Select",
                                "mf_input_name": "mf-select",
                                "mf_input_placeholder": "Bethrooms",
                                "mf_input_list": [
                                    {
                                        "mf_input_option_text": "1",
                                        "mf_input_option_value": "value-1",
                                        "_id": "f21eae0"
                                    },
                                    {
                                        "mf_input_option_text": "2",
                                        "mf_input_option_value": "value-2",
                                        "_id": "8e5ee3e"
                                    },
                                    {
                                        "mf_input_option_text": "3",
                                        "mf_input_option_value": "value-3",
                                        "_id": "f095c11"
                                    },
                                    {
                                        "mf_input_option_text": "4",
                                        "mf_input_option_value": "value-3",
                                        "_id": "4ccb9a7"
                                    }
                                ],
                                "mf_input_validation_warning_message": "This field is required.",
                                "mf_input_label_typography_typography": "custom",
                                "mf_input_label_typography_font_family": "Manrope",
                                "mf_input_label_typography_font_size": {
                                    "unit": "px",
                                    "size": 15,
                                    "sizes": []
                                },
                                "mf_input_label_typography_font_size_tablet": {
                                    "unit": "px",
                                    "size": 14,
                                    "sizes": []
                                },
                                "mf_input_label_typography_font_size_mobile": {
                                    "unit": "px",
                                    "size": 14,
                                    "sizes": []
                                },
                                "mf_input_label_typography_font_weight": "400",
                                "mf_input_label_typography_text_transform": "none",
                                "mf_input_label_typography_line_height": {
                                    "unit": "em",
                                    "size": 1.6000000000000001,
                                    "sizes": []
                                },
                                "mf_input_label_typography_letter_spacing": {
                                    "unit": "px",
                                    "size": 0,
                                    "sizes": []
                                },
                                "mf_input_label_padding": {
                                    "unit": "px",
                                    "top": "0",
                                    "right": "0",
                                    "bottom": "0",
                                    "left": "10",
                                    "isLinked": false
                                },
                                "mf_input_padding": {
                                    "unit": "px",
                                    "top": "4",
                                    "right": "10",
                                    "bottom": "4",
                                    "left": "15",
                                    "isLinked": false
                                },
                                "mf_input_margin": {
                                    "unit": "px",
                                    "top": "0",
                                    "right": "0",
                                    "bottom": "0",
                                    "left": "0",
                                    "isLinked": false
                                },
                                "mf_input_background_background": "classic",
                                "mf_input_border_border": "solid",
                                "mf_input_border_width": {
                                    "unit": "px",
                                    "top": "1",
                                    "right": "1",
                                    "bottom": "1",
                                    "left": "1",
                                    "isLinked": true
                                },
                                "mf_input_border_hover_border": "solid",
                                "mf_input_border_hover_width": {
                                    "unit": "px",
                                    "top": "1",
                                    "right": "1",
                                    "bottom": "1",
                                    "left": "1",
                                    "isLinked": true
                                },
                                "mf_input_border_hover_color": "#87868636",
                                "mf_input_border_focus_border": "solid",
                                "mf_input_border_focus_width": {
                                    "unit": "px",
                                    "top": "1",
                                    "right": "1",
                                    "bottom": "1",
                                    "left": "1",
                                    "isLinked": true
                                },
                                "mf_input_border_focus_color": "#737473",
                                "mf_input_typgraphy_typography": "custom",
                                "mf_input_typgraphy_font_family": "Manrope",
                                "mf_input_typgraphy_font_size": {
                                    "unit": "px",
                                    "size": 15,
                                    "sizes": []
                                },
                                "mf_input_typgraphy_font_size_tablet": {
                                    "unit": "px",
                                    "size": 14,
                                    "sizes": []
                                },
                                "mf_input_typgraphy_font_size_mobile": {
                                    "unit": "px",
                                    "size": 14,
                                    "sizes": []
                                },
                                "mf_input_typgraphy_font_weight": "400",
                                "mf_input_typgraphy_text_transform": "none",
                                "mf_input_typgraphy_line_height": {
                                    "unit": "em",
                                    "size": 1.6000000000000001,
                                    "sizes": []
                                },
                                "mf_input_typgraphy_letter_spacing": {
                                    "unit": "px",
                                    "size": 0,
                                    "sizes": []
                                },
                                "mf_input_place_holder_typography_typography": "custom",
                                "mf_input_place_holder_typography_font_family": "Manrope",
                                "mf_input_place_holder_typography_font_size": {
                                    "unit": "px",
                                    "size": 15,
                                    "sizes": []
                                },
                                "mf_input_place_holder_typography_font_size_tablet": {
                                    "unit": "px",
                                    "size": 14,
                                    "sizes": []
                                },
                                "mf_input_place_holder_typography_font_size_mobile": {
                                    "unit": "px",
                                    "size": 14,
                                    "sizes": []
                                },
                                "mf_input_place_holder_typography_font_weight": "400",
                                "mf_input_place_holder_typography_text_transform": "none",
                                "mf_input_place_holder_typography_line_height": {
                                    "unit": "em",
                                    "size": 1.6000000000000001,
                                    "sizes": []
                                },
                                "mf_input_place_holder_typography_letter_spacing": {
                                    "unit": "px",
                                    "size": 0,
                                    "sizes": []
                                },
                                "mf_input_placeholder_color": "#181818",
                                "__globals__": {
                                    "mf_input_label_typography_typography": "globals\/typography?id=text",
                                    "mf_input_label_color": "globals\/colors?id=secondary",
                                    "mf_input_background_color": "globals\/colors?id=a567df4",
                                    "mf_input_border_color": "globals\/colors?id=659f957",
                                    "mf_input_typgraphy_typography": "globals\/typography?id=0d5e945",
                                    "mf_input_place_holder_typography_typography": "globals\/typography?id=text",
                                    "mf_input_placeholder_color": "globals\/colors?id=text",
                                    "mf_input_border_hover_color": "globals\/colors?id=659f957",
                                    "mf_input_border_focus_color": "globals\/colors?id=659f957",
                                    "mf_input_color": "globals\/colors?id=beb0691",
                                    "mf_input_color_hover": "globals\/colors?id=accent",
                                    "mf_input_color_focus": "globals\/colors?id=beb0691",
                                    "_background_color": "globals\/colors?id=a567df4"
                                },
                                "mf_input_border_radius": {
                                    "unit": "px",
                                    "size": 10,
                                    "sizes": []
                                }
                            },
                            "elements": [],
                            "isInner": false,
                            "widgetType": "mf-select",
                            "elType": "widget"
                        }
                    ],
                    "isInner": false,
                    "elType": "column"
                }
            ],
            "isInner": false,
            "elType": "section"
        },
        {
            "id": "4333bb68",
            "settings": [],
            "elements": [
                {
                    "id": "7da48f41",
                    "settings": {
                        "_column_size": 100,
                        "_inline_size": null
                    },
                    "elements": [
                        {
                            "id": "49c495b6",
                            "settings": {
                                "mf_btn_text": "Get an exact price",
                                "mf_btn_align": "justify",
                                "mf_hidden_input": [],
                                "mf_btn_bg_color_background": "classic",
                                "mf_btn_bg_hover_color_background": "classic",
                                "mf_btn_border_radius": {
                                    "unit": "px",
                                    "top": "10",
                                    "right": "10",
                                    "bottom": "10",
                                    "left": "10",
                                    "isLinked": true
                                },
                                "__globals__": {
                                    "mf_btn_typography_typography": "globals\/typography?id=accent",
                                    "mf_btn_bg_color_color": "globals\/colors?id=accent",
                                    "mf_btn_bg_hover_color_color": "globals\/colors?id=4a5499b",
                                    "mf_btn_hover_color": "globals\/colors?id=primary",
                                    "mf_btn_text_color": "globals\/colors?id=a567df4",
                                    "mf_btn_hover_border_color": "globals\/colors?id=beb0691"
                                },
                                "mf_btn_align_tablet": "justify",
                                "mf_btn_align_mobile": "justify",
                                "mf_btn_box_shadow_group_box_shadow_type": "yes",
                                "mf_btn_box_shadow_group_box_shadow": {
                                    "horizontal": 0,
                                    "vertical": 0,
                                    "blur": 10,
                                    "spread": 0,
                                    "color": "rgba(0, 0, 0, 0)"
                                },
                                "mf_btn_text_padding": {
                                    "unit": "px",
                                    "top": "16",
                                    "right": "50",
                                    "bottom": "16",
                                    "left": "50",
                                    "isLinked": false
                                },
                                "_margin": {
                                    "unit": "px",
                                    "top": "0",
                                    "right": "0",
                                    "bottom": "0",
                                    "left": "0",
                                    "isLinked": false
                                },
                                "mf_btn_border_style": "solid",
                                "mf_btn_border_dimensions": {
                                    "unit": "px",
                                    "top": "0",
                                    "right": "0",
                                    "bottom": "0",
                                    "left": "0",
                                    "isLinked": true
                                }
                            },
                            "elements": [],
                            "isInner": false,
                            "widgetType": "mf-button",
                            "elType": "widget"
                        }
                    ],
                    "isInner": false,
                    "elType": "column"
                }
            ],
            "isInner": false,
            "elType": "section"
        }
    ]
}