{
    "version": "0.4",
    "title": "Contact",
    "type": "page",
    "metadata": {
        "template_type": "single-page",
        "include_in_zip": "1",
        "elementor_pro_required": null,
        "wp_page_template": "elementor_header_footer"
    },
    "content": [
        {
            "id": "5debe7a6",
            "settings": {
                "content_width": {
                    "unit": "px",
                    "size": 1440,
                    "sizes": []
                },
                "height": "min-height",
                "custom_height": {
                    "unit": "vh",
                    "size": 50,
                    "sizes": []
                },
                "custom_height_laptop": {
                    "unit": "vh",
                    "size": 40,
                    "sizes": []
                },
                "custom_height_tablet": {
                    "unit": "vh",
                    "size": 32,
                    "sizes": []
                },
                "custom_height_mobile": {
                    "unit": "vh",
                    "size": 30,
                    "sizes": []
                },
                "background_background": "classic",
                "background_image": {
                    "url": "https:\/\/cleanzone.1onestrong.com\/wp-content\/uploads\/2023\/08\/cleanzonejpg-0040.jpg",
                    "id": 2119,
                    "size": "",
                    "alt": "",
                    "source": "library"
                },
                "background_position": "bottom right",
                "background_repeat": "no-repeat",
                "background_size": "cover",
                "background_overlay_color": "#EFEFEF",
                "background_overlay_gradient_angle": {
                    "unit": "deg",
                    "size": 95,
                    "sizes": []
                },
                "background_overlay_opacity": {
                    "unit": "px",
                    "size": 0.26000000000000001,
                    "sizes": []
                },
                "padding": {
                    "unit": "em",
                    "top": "5",
                    "right": "0",
                    "bottom": "0",
                    "left": "0",
                    "isLinked": false
                },
                "padding_laptop": {
                    "unit": "em",
                    "top": "5",
                    "right": "0",
                    "bottom": "0",
                    "left": "0",
                    "isLinked": false
                },
                "padding_tablet": {
                    "unit": "em",
                    "top": "0",
                    "right": "0",
                    "bottom": "0",
                    "left": "0",
                    "isLinked": false
                },
                "padding_mobile": {
                    "unit": "em",
                    "top": "0",
                    "right": "0",
                    "bottom": "0",
                    "left": "0",
                    "isLinked": false
                },
                "__globals__": {
                    "background_overlay_color": "globals\/colors?id=4bbea6a",
                    "background_overlay_color_b": "",
                    "background_color": "globals\/colors?id=4bbea6a"
                },
                "column_position": "stretch",
                "background_overlay_color_stop": {
                    "unit": "%",
                    "size": 52,
                    "sizes": []
                },
                "background_size_tablet": "cover",
                "background_size_mobile": "cover",
                "background_bg_width": {
                    "unit": "vw",
                    "size": 100,
                    "sizes": []
                },
                "background_bg_width_laptop": {
                    "unit": "em",
                    "size": "",
                    "sizes": []
                },
                "background_bg_width_tablet": {
                    "unit": "em",
                    "size": "",
                    "sizes": []
                },
                "background_bg_width_mobile": {
                    "unit": "em",
                    "size": "",
                    "sizes": []
                },
                "background_overlay_color_b": "#FFFFFF00",
                "background_position_mobile": "bottom center",
                "background_overlay_background": "classic"
            },
            "elements": [
                {
                    "id": "3b9d1ea9",
                    "settings": {
                        "_column_size": 100,
                        "_inline_size": null,
                        "content_position": "center",
                        "align": "center",
                        "margin_tablet": {
                            "unit": "px",
                            "top": "0",
                            "right": "0",
                            "bottom": "0",
                            "left": "0",
                            "isLinked": false
                        },
                        "padding_tablet": {
                            "unit": "px",
                            "top": "0",
                            "right": "0",
                            "bottom": "0",
                            "left": "0",
                            "isLinked": false
                        }
                    },
                    "elements": [
                        {
                            "id": "7365f108",
                            "settings": {
                                "title": "Contact",
                                "align": "center",
                                "title_color": "#242424",
                                "typography_typography": "custom",
                                "typography_font_family": "Open Sans",
                                "typography_font_size": {
                                    "unit": "px",
                                    "size": 10,
                                    "sizes": []
                                },
                                "typography_font_size_tablet": {
                                    "unit": "px",
                                    "size": 10,
                                    "sizes": []
                                },
                                "typography_font_size_mobile": {
                                    "unit": "px",
                                    "size": 9,
                                    "sizes": []
                                },
                                "typography_font_weight": "600",
                                "typography_text_transform": "uppercase",
                                "typography_line_height": {
                                    "unit": "em",
                                    "size": 1.3999999999999999,
                                    "sizes": []
                                },
                                "typography_letter_spacing": {
                                    "unit": "px",
                                    "size": 1,
                                    "sizes": []
                                },
                                "typography_word_spacing": {
                                    "unit": "em",
                                    "size": "",
                                    "sizes": []
                                },
                                "_margin": {
                                    "unit": "px",
                                    "top": "0",
                                    "right": "0",
                                    "bottom": "13",
                                    "left": "0",
                                    "isLinked": false
                                },
                                "_padding": {
                                    "unit": "px",
                                    "top": "10",
                                    "right": "20",
                                    "bottom": "10",
                                    "left": "20",
                                    "isLinked": false
                                },
                                "_element_width": "auto",
                                "_background_background": "classic",
                                "_border_border": "solid",
                                "_border_width": {
                                    "unit": "px",
                                    "top": "1",
                                    "right": "1",
                                    "bottom": "1",
                                    "left": "1",
                                    "isLinked": true
                                },
                                "_border_radius": {
                                    "unit": "px",
                                    "top": "10",
                                    "right": "10",
                                    "bottom": "10",
                                    "left": "10",
                                    "isLinked": true
                                },
                                "__globals__": {
                                    "typography_typography": "globals\/typography?id=08fdc8c",
                                    "title_color": "globals\/colors?id=secondary",
                                    "_background_color": "globals\/colors?id=50ad2cf",
                                    "_border_color": "globals\/colors?id=659f957"
                                },
                                "_border_color": "#F58004"
                            },
                            "elements": [],
                            "isInner": false,
                            "widgetType": "heading",
                            "elType": "widget"
                        },
                        {
                            "id": "1e19cb8e",
                            "settings": {
                                "title": "Ask a question or get help",
                                "__globals__": {
                                    "title_color": "globals\/colors?id=primary",
                                    "typography_typography": "globals\/typography?id=secondary"
                                },
                                "title_color": "#00084D",
                                "header_size": "h3",
                                "align": "center"
                            },
                            "elements": [],
                            "isInner": false,
                            "widgetType": "heading",
                            "elType": "widget"
                        }
                    ],
                    "isInner": false,
                    "elType": "column"
                }
            ],
            "isInner": false,
            "elType": "section"
        },
        {
            "id": "438f30cb",
            "settings": {
                "content_width": {
                    "unit": "px",
                    "size": 1280,
                    "sizes": []
                },
                "structure": "20",
                "padding": {
                    "unit": "em",
                    "top": "5",
                    "right": "0",
                    "bottom": "5",
                    "left": "0",
                    "isLinked": false
                },
                "padding_laptop": {
                    "unit": "em",
                    "top": "",
                    "right": "",
                    "bottom": "",
                    "left": "",
                    "isLinked": true
                },
                "padding_tablet": {
                    "unit": "em",
                    "top": "",
                    "right": "",
                    "bottom": "",
                    "left": "",
                    "isLinked": true
                },
                "padding_mobile": {
                    "unit": "em",
                    "top": "3",
                    "right": "0",
                    "bottom": "3",
                    "left": "0",
                    "isLinked": false
                }
            },
            "elements": [
                {
                    "id": "3d8c2833",
                    "settings": {
                        "_column_size": 50,
                        "_inline_size": 33,
                        "margin": {
                            "unit": "px",
                            "top": "0",
                            "right": "70",
                            "bottom": "0",
                            "left": "0",
                            "isLinked": false
                        },
                        "margin_laptop": {
                            "unit": "px",
                            "top": "0",
                            "right": "50",
                            "bottom": "0",
                            "left": "10",
                            "isLinked": false
                        },
                        "margin_tablet": {
                            "unit": "px",
                            "top": "0",
                            "right": "50",
                            "bottom": "0",
                            "left": "0",
                            "isLinked": false
                        },
                        "margin_mobile": {
                            "unit": "px",
                            "top": "0",
                            "right": "10",
                            "bottom": "0",
                            "left": "10",
                            "isLinked": false
                        },
                        "padding": {
                            "unit": "px",
                            "top": "0",
                            "right": "0",
                            "bottom": "0",
                            "left": "0",
                            "isLinked": false
                        }
                    },
                    "elements": [
                        {
                            "id": "45523820",
                            "settings": {
                                "padding": {
                                    "unit": "px",
                                    "top": "0",
                                    "right": "0",
                                    "bottom": "0",
                                    "left": "0",
                                    "isLinked": false
                                }
                            },
                            "elements": [
                                {
                                    "id": "5cbb5b14",
                                    "settings": {
                                        "_column_size": 100,
                                        "_inline_size": null
                                    },
                                    "elements": [
                                        {
                                            "id": "81f105e",
                                            "settings": {
                                                "sg_setting_html_tag": "h4",
                                                "sg_icon_text": "Location:",
                                                "sg_icon_description": "Jl. Soekarno-hatta",
                                                "sg_readmore_enable_button": "",
                                                "sg_readmore_enable_globallink": "yes",
                                                "sg_readmore_globallink": {
                                                    "url": "#",
                                                    "is_external": false,
                                                    "nofollow": false,
                                                    "custom_attributes": ""
                                                },
                                                "sg_readmore_button_label": "Learn More",
                                                "sg_badge_text": "BADGE",
                                                "st_container_padding_responsive": {
                                                    "unit": "px",
                                                    "top": "20",
                                                    "right": "20",
                                                    "bottom": "20",
                                                    "left": "20",
                                                    "isLinked": true
                                                },
                                                "st_container_border_border_border": "none",
                                                "st_container_border_radius_responsive": {
                                                    "unit": "px",
                                                    "top": "10",
                                                    "right": "10",
                                                    "bottom": "10",
                                                    "left": "10",
                                                    "isLinked": true
                                                },
                                                "st_container_hover_animation": "float",
                                                "st_content_title_margin_responsive": {
                                                    "unit": "px",
                                                    "top": "0",
                                                    "right": "0",
                                                    "bottom": "0",
                                                    "left": "0",
                                                    "isLinked": false
                                                },
                                                "st_content_title_padding_responsive": {
                                                    "unit": "px",
                                                    "top": "0",
                                                    "right": "0",
                                                    "bottom": "3",
                                                    "left": "0",
                                                    "isLinked": false
                                                },
                                                "st_content_description_margin_responsive": {
                                                    "unit": "px",
                                                    "top": "0",
                                                    "right": "0",
                                                    "bottom": "0",
                                                    "left": "0",
                                                    "isLinked": false
                                                },
                                                "__globals__": {
                                                    "st_content_description_typography_content_typography_typography": "globals\/typography?id=0d5e945",
                                                    "st_content_title_typography_content_typography_typography": "globals\/typography?id=5e61d38",
                                                    "st_content_title_color_responsive": "globals\/colors?id=primary",
                                                    "st_content_title_color_hover_responsive": "globals\/colors?id=accent",
                                                    "st_content_description_color_responsive": "globals\/colors?id=text",
                                                    "st_container_background_background_color": "globals\/colors?id=4ac277f",
                                                    "st_icon_color_responsive": "globals\/colors?id=4a5499b",
                                                    "st_icon_bg_color_responsive": "globals\/colors?id=a567df4"
                                                },
                                                "st_container_padding_responsive_tablet": {
                                                    "unit": "px",
                                                    "top": "20",
                                                    "right": "0",
                                                    "bottom": "20",
                                                    "left": "0",
                                                    "isLinked": false
                                                },
                                                "st_container_padding_responsive_mobile": {
                                                    "unit": "px",
                                                    "top": "0",
                                                    "right": "0",
                                                    "bottom": "0",
                                                    "left": "0",
                                                    "isLinked": false
                                                },
                                                "sg_setting_content_alignment_responsive": "left",
                                                "_element_custom_width": {
                                                    "unit": "%",
                                                    "size": 50,
                                                    "sizes": []
                                                },
                                                "sg_icon_image": {
                                                    "url": "https:\/\/cleanzone.1onestrong.com\/wp-content\/uploads\/2023\/07\/Asset-003.png",
                                                    "id": 303,
                                                    "size": "",
                                                    "alt": "",
                                                    "source": "library"
                                                },
                                                "sg_icon_image_size_imagesize_size": "full",
                                                "st_icon_margin_responsive": {
                                                    "unit": "px",
                                                    "top": "0",
                                                    "right": "10",
                                                    "bottom": "0",
                                                    "left": "0",
                                                    "isLinked": false
                                                },
                                                "st_container_padding_responsive_laptop": {
                                                    "unit": "px",
                                                    "top": "30",
                                                    "right": "0",
                                                    "bottom": "30",
                                                    "left": "0",
                                                    "isLinked": false
                                                },
                                                "_margin_mobile": {
                                                    "unit": "px",
                                                    "top": "0",
                                                    "right": "0",
                                                    "bottom": "0",
                                                    "left": "0",
                                                    "isLinked": false
                                                },
                                                "sg_setting_icon_position_responsive": "left",
                                                "_margin": {
                                                    "unit": "px",
                                                    "top": "0",
                                                    "right": "0",
                                                    "bottom": "0",
                                                    "left": "0",
                                                    "isLinked": false
                                                },
                                                "_padding": {
                                                    "unit": "px",
                                                    "top": "0",
                                                    "right": "0",
                                                    "bottom": "0",
                                                    "left": "0",
                                                    "isLinked": false
                                                },
                                                "sg_setting_icon_position_responsive_mobile": "top",
                                                "sg_setting_content_alignment_responsive_mobile": "center",
                                                "st_icon_size_responsive_mobile": {
                                                    "unit": "px",
                                                    "size": 16,
                                                    "sizes": []
                                                },
                                                "st_icon_margin_responsive_mobile": {
                                                    "unit": "px",
                                                    "top": "0",
                                                    "right": "0",
                                                    "bottom": "20",
                                                    "left": "0",
                                                    "isLinked": false
                                                },
                                                "st_icon_width_responsive_mobile": {
                                                    "unit": "px",
                                                    "size": 51,
                                                    "sizes": []
                                                },
                                                "sg_setting_icon_position_responsive_tablet": "top",
                                                "st_content_title_padding_responsive_tablet": {
                                                    "unit": "px",
                                                    "top": "10",
                                                    "right": "0",
                                                    "bottom": "0",
                                                    "left": "0",
                                                    "isLinked": false
                                                },
                                                "st_icon_width_responsive_tablet": {
                                                    "unit": "px",
                                                    "size": 56,
                                                    "sizes": []
                                                },
                                                "sg_icon_header": {
                                                    "value": "fas fa-map-marker-alt",
                                                    "library": "fa-solid"
                                                },
                                                "st_container_background_background_background": "classic",
                                                "st_icon_border_radius_responsive": {
                                                    "unit": "px",
                                                    "top": "10",
                                                    "right": "10",
                                                    "bottom": "10",
                                                    "left": "10",
                                                    "isLinked": true
                                                },
                                                "st_icon_size_responsive": {
                                                    "unit": "px",
                                                    "size": 25,
                                                    "sizes": []
                                                },
                                                "st_icon_padding_responsive": {
                                                    "unit": "px",
                                                    "top": "9",
                                                    "right": "0",
                                                    "bottom": "0",
                                                    "left": "9",
                                                    "isLinked": false
                                                }
                                            },
                                            "elements": [],
                                            "isInner": false,
                                            "widgetType": "jkit_icon_box",
                                            "elType": "widget"
                                        },
                                        {
                                            "id": "6d9bcb9d",
                                            "settings": {
                                                "sg_setting_html_tag": "h4",
                                                "sg_icon_text": "Phone:",
                                                "sg_icon_description": " +581 000 8745",
                                                "sg_readmore_enable_button": "",
                                                "sg_readmore_enable_globallink": "yes",
                                                "sg_readmore_globallink": {
                                                    "url": "#",
                                                    "is_external": false,
                                                    "nofollow": false,
                                                    "custom_attributes": ""
                                                },
                                                "sg_readmore_button_label": "Learn More",
                                                "sg_badge_text": "BADGE",
                                                "st_container_padding_responsive": {
                                                    "unit": "px",
                                                    "top": "20",
                                                    "right": "20",
                                                    "bottom": "20",
                                                    "left": "20",
                                                    "isLinked": true
                                                },
                                                "st_container_border_border_border": "none",
                                                "st_container_border_radius_responsive": {
                                                    "unit": "px",
                                                    "top": "10",
                                                    "right": "10",
                                                    "bottom": "10",
                                                    "left": "10",
                                                    "isLinked": true
                                                },
                                                "st_container_hover_animation": "float",
                                                "st_content_title_margin_responsive": {
                                                    "unit": "px",
                                                    "top": "0",
                                                    "right": "0",
                                                    "bottom": "0",
                                                    "left": "0",
                                                    "isLinked": false
                                                },
                                                "st_content_title_padding_responsive": {
                                                    "unit": "px",
                                                    "top": "0",
                                                    "right": "0",
                                                    "bottom": "3",
                                                    "left": "0",
                                                    "isLinked": false
                                                },
                                                "st_content_description_margin_responsive": {
                                                    "unit": "px",
                                                    "top": "0",
                                                    "right": "0",
                                                    "bottom": "0",
                                                    "left": "0",
                                                    "isLinked": false
                                                },
                                                "__globals__": {
                                                    "st_content_description_typography_content_typography_typography": "globals\/typography?id=0d5e945",
                                                    "st_content_title_typography_content_typography_typography": "globals\/typography?id=5e61d38",
                                                    "st_content_title_color_responsive": "globals\/colors?id=primary",
                                                    "st_content_title_color_hover_responsive": "globals\/colors?id=accent",
                                                    "st_content_description_color_responsive": "globals\/colors?id=text",
                                                    "st_container_background_background_color": "globals\/colors?id=4ac277f",
                                                    "st_icon_color_responsive": "globals\/colors?id=4a5499b",
                                                    "st_icon_bg_color_responsive": "globals\/colors?id=a567df4"
                                                },
                                                "st_container_padding_responsive_tablet": {
                                                    "unit": "px",
                                                    "top": "20",
                                                    "right": "0",
                                                    "bottom": "20",
                                                    "left": "0",
                                                    "isLinked": false
                                                },
                                                "st_container_padding_responsive_mobile": {
                                                    "unit": "px",
                                                    "top": "0",
                                                    "right": "0",
                                                    "bottom": "0",
                                                    "left": "0",
                                                    "isLinked": false
                                                },
                                                "sg_setting_content_alignment_responsive": "left",
                                                "_element_custom_width": {
                                                    "unit": "%",
                                                    "size": 50,
                                                    "sizes": []
                                                },
                                                "sg_icon_image": {
                                                    "url": "https:\/\/cleanzone.1onestrong.com\/wp-content\/uploads\/2023\/07\/Asset-003.png",
                                                    "id": 303,
                                                    "size": "",
                                                    "alt": "",
                                                    "source": "library"
                                                },
                                                "sg_icon_image_size_imagesize_size": "full",
                                                "st_icon_margin_responsive": {
                                                    "unit": "px",
                                                    "top": "0",
                                                    "right": "10",
                                                    "bottom": "0",
                                                    "left": "0",
                                                    "isLinked": false
                                                },
                                                "st_container_padding_responsive_laptop": {
                                                    "unit": "px",
                                                    "top": "30",
                                                    "right": "0",
                                                    "bottom": "30",
                                                    "left": "0",
                                                    "isLinked": false
                                                },
                                                "_margin_mobile": {
                                                    "unit": "px",
                                                    "top": "0",
                                                    "right": "0",
                                                    "bottom": "0",
                                                    "left": "0",
                                                    "isLinked": false
                                                },
                                                "sg_setting_icon_position_responsive": "left",
                                                "_margin": {
                                                    "unit": "px",
                                                    "top": "0",
                                                    "right": "0",
                                                    "bottom": "0",
                                                    "left": "0",
                                                    "isLinked": false
                                                },
                                                "_padding": {
                                                    "unit": "px",
                                                    "top": "0",
                                                    "right": "0",
                                                    "bottom": "0",
                                                    "left": "0",
                                                    "isLinked": false
                                                },
                                                "sg_setting_icon_position_responsive_mobile": "top",
                                                "sg_setting_content_alignment_responsive_mobile": "center",
                                                "st_icon_size_responsive_mobile": {
                                                    "unit": "px",
                                                    "size": 16,
                                                    "sizes": []
                                                },
                                                "st_icon_margin_responsive_mobile": {
                                                    "unit": "px",
                                                    "top": "0",
                                                    "right": "0",
                                                    "bottom": "20",
                                                    "left": "0",
                                                    "isLinked": false
                                                },
                                                "st_icon_width_responsive_mobile": {
                                                    "unit": "px",
                                                    "size": 51,
                                                    "sizes": []
                                                },
                                                "sg_setting_icon_position_responsive_tablet": "top",
                                                "st_content_title_padding_responsive_tablet": {
                                                    "unit": "px",
                                                    "top": "10",
                                                    "right": "0",
                                                    "bottom": "0",
                                                    "left": "0",
                                                    "isLinked": false
                                                },
                                                "st_icon_width_responsive_tablet": {
                                                    "unit": "px",
                                                    "size": 56,
                                                    "sizes": []
                                                },
                                                "sg_icon_header": {
                                                    "value": "fas fa-phone-alt",
                                                    "library": "fa-solid"
                                                },
                                                "st_container_background_background_background": "classic",
                                                "st_icon_border_radius_responsive": {
                                                    "unit": "px",
                                                    "top": "10",
                                                    "right": "10",
                                                    "bottom": "10",
                                                    "left": "10",
                                                    "isLinked": true
                                                },
                                                "st_icon_size_responsive": {
                                                    "unit": "px",
                                                    "size": 25,
                                                    "sizes": []
                                                },
                                                "st_icon_padding_responsive": {
                                                    "unit": "px",
                                                    "top": "9",
                                                    "right": "0",
                                                    "bottom": "0",
                                                    "left": "9",
                                                    "isLinked": false
                                                }
                                            },
                                            "elements": [],
                                            "isInner": false,
                                            "widgetType": "jkit_icon_box",
                                            "elType": "widget"
                                        },
                                        {
                                            "id": "62191cb5",
                                            "settings": {
                                                "sg_setting_html_tag": "h4",
                                                "sg_icon_text": "Email:",
                                                "sg_icon_description": "cleanzone@mail.com",
                                                "sg_readmore_enable_button": "",
                                                "sg_readmore_enable_globallink": "yes",
                                                "sg_readmore_globallink": {
                                                    "url": "#",
                                                    "is_external": false,
                                                    "nofollow": false,
                                                    "custom_attributes": ""
                                                },
                                                "sg_readmore_button_label": "Learn More",
                                                "sg_badge_text": "BADGE",
                                                "st_container_padding_responsive": {
                                                    "unit": "px",
                                                    "top": "20",
                                                    "right": "20",
                                                    "bottom": "20",
                                                    "left": "20",
                                                    "isLinked": true
                                                },
                                                "st_container_border_border_border": "none",
                                                "st_container_border_radius_responsive": {
                                                    "unit": "px",
                                                    "top": "10",
                                                    "right": "10",
                                                    "bottom": "10",
                                                    "left": "10",
                                                    "isLinked": true
                                                },
                                                "st_container_hover_animation": "float",
                                                "st_content_title_margin_responsive": {
                                                    "unit": "px",
                                                    "top": "0",
                                                    "right": "0",
                                                    "bottom": "0",
                                                    "left": "0",
                                                    "isLinked": false
                                                },
                                                "st_content_title_padding_responsive": {
                                                    "unit": "px",
                                                    "top": "0",
                                                    "right": "0",
                                                    "bottom": "3",
                                                    "left": "0",
                                                    "isLinked": false
                                                },
                                                "st_content_description_margin_responsive": {
                                                    "unit": "px",
                                                    "top": "0",
                                                    "right": "0",
                                                    "bottom": "0",
                                                    "left": "0",
                                                    "isLinked": false
                                                },
                                                "__globals__": {
                                                    "st_content_description_typography_content_typography_typography": "globals\/typography?id=0d5e945",
                                                    "st_content_title_typography_content_typography_typography": "globals\/typography?id=5e61d38",
                                                    "st_content_title_color_responsive": "globals\/colors?id=primary",
                                                    "st_content_title_color_hover_responsive": "globals\/colors?id=accent",
                                                    "st_content_description_color_responsive": "globals\/colors?id=text",
                                                    "st_container_background_background_color": "globals\/colors?id=4ac277f",
                                                    "st_icon_color_responsive": "globals\/colors?id=4a5499b",
                                                    "st_icon_bg_color_responsive": "globals\/colors?id=a567df4"
                                                },
                                                "st_container_padding_responsive_tablet": {
                                                    "unit": "px",
                                                    "top": "20",
                                                    "right": "0",
                                                    "bottom": "20",
                                                    "left": "0",
                                                    "isLinked": false
                                                },
                                                "st_container_padding_responsive_mobile": {
                                                    "unit": "px",
                                                    "top": "0",
                                                    "right": "0",
                                                    "bottom": "0",
                                                    "left": "0",
                                                    "isLinked": false
                                                },
                                                "sg_setting_content_alignment_responsive": "left",
                                                "_element_custom_width": {
                                                    "unit": "%",
                                                    "size": 50,
                                                    "sizes": []
                                                },
                                                "sg_icon_image": {
                                                    "url": "https:\/\/cleanzone.1onestrong.com\/wp-content\/uploads\/2023\/07\/Asset-003.png",
                                                    "id": 303,
                                                    "size": "",
                                                    "alt": "",
                                                    "source": "library"
                                                },
                                                "sg_icon_image_size_imagesize_size": "full",
                                                "st_icon_margin_responsive": {
                                                    "unit": "px",
                                                    "top": "0",
                                                    "right": "10",
                                                    "bottom": "0",
                                                    "left": "0",
                                                    "isLinked": false
                                                },
                                                "st_container_padding_responsive_laptop": {
                                                    "unit": "px",
                                                    "top": "30",
                                                    "right": "0",
                                                    "bottom": "30",
                                                    "left": "0",
                                                    "isLinked": false
                                                },
                                                "_margin_mobile": {
                                                    "unit": "px",
                                                    "top": "0",
                                                    "right": "0",
                                                    "bottom": "0",
                                                    "left": "0",
                                                    "isLinked": false
                                                },
                                                "sg_setting_icon_position_responsive": "left",
                                                "_margin": {
                                                    "unit": "px",
                                                    "top": "0",
                                                    "right": "0",
                                                    "bottom": "0",
                                                    "left": "0",
                                                    "isLinked": false
                                                },
                                                "_padding": {
                                                    "unit": "px",
                                                    "top": "0",
                                                    "right": "0",
                                                    "bottom": "0",
                                                    "left": "0",
                                                    "isLinked": false
                                                },
                                                "sg_setting_icon_position_responsive_mobile": "top",
                                                "sg_setting_content_alignment_responsive_mobile": "center",
                                                "st_icon_size_responsive_mobile": {
                                                    "unit": "px",
                                                    "size": 16,
                                                    "sizes": []
                                                },
                                                "st_icon_margin_responsive_mobile": {
                                                    "unit": "px",
                                                    "top": "0",
                                                    "right": "0",
                                                    "bottom": "20",
                                                    "left": "0",
                                                    "isLinked": false
                                                },
                                                "st_icon_width_responsive_mobile": {
                                                    "unit": "px",
                                                    "size": 51,
                                                    "sizes": []
                                                },
                                                "sg_setting_icon_position_responsive_tablet": "top",
                                                "st_content_title_padding_responsive_tablet": {
                                                    "unit": "px",
                                                    "top": "10",
                                                    "right": "0",
                                                    "bottom": "0",
                                                    "left": "0",
                                                    "isLinked": false
                                                },
                                                "st_icon_width_responsive_tablet": {
                                                    "unit": "px",
                                                    "size": 56,
                                                    "sizes": []
                                                },
                                                "sg_icon_header": {
                                                    "value": "fas fa-envelope",
                                                    "library": "fa-solid"
                                                },
                                                "st_container_background_background_background": "classic",
                                                "st_icon_border_radius_responsive": {
                                                    "unit": "px",
                                                    "top": "10",
                                                    "right": "10",
                                                    "bottom": "10",
                                                    "left": "10",
                                                    "isLinked": true
                                                },
                                                "st_icon_size_responsive": {
                                                    "unit": "px",
                                                    "size": 25,
                                                    "sizes": []
                                                },
                                                "st_icon_padding_responsive": {
                                                    "unit": "px",
                                                    "top": "9",
                                                    "right": "0",
                                                    "bottom": "0",
                                                    "left": "9",
                                                    "isLinked": false
                                                }
                                            },
                                            "elements": [],
                                            "isInner": false,
                                            "widgetType": "jkit_icon_box",
                                            "elType": "widget"
                                        },
                                        {
                                            "id": "4da9eb0d",
                                            "settings": {
                                                "sg_setting_html_tag": "h4",
                                                "sg_icon_text": "Working Hours:",
                                                "sg_icon_description": "9 AM - 5 PM\nMonday to Saturday\n",
                                                "sg_readmore_enable_button": "",
                                                "sg_readmore_enable_globallink": "yes",
                                                "sg_readmore_globallink": {
                                                    "url": "#",
                                                    "is_external": false,
                                                    "nofollow": false,
                                                    "custom_attributes": ""
                                                },
                                                "sg_readmore_button_label": "Learn More",
                                                "sg_badge_text": "BADGE",
                                                "st_container_padding_responsive": {
                                                    "unit": "px",
                                                    "top": "20",
                                                    "right": "20",
                                                    "bottom": "20",
                                                    "left": "20",
                                                    "isLinked": true
                                                },
                                                "st_container_border_border_border": "none",
                                                "st_container_border_radius_responsive": {
                                                    "unit": "px",
                                                    "top": "10",
                                                    "right": "10",
                                                    "bottom": "10",
                                                    "left": "10",
                                                    "isLinked": true
                                                },
                                                "st_container_hover_animation": "float",
                                                "st_content_title_margin_responsive": {
                                                    "unit": "px",
                                                    "top": "0",
                                                    "right": "0",
                                                    "bottom": "0",
                                                    "left": "0",
                                                    "isLinked": false
                                                },
                                                "st_content_title_padding_responsive": {
                                                    "unit": "px",
                                                    "top": "0",
                                                    "right": "0",
                                                    "bottom": "3",
                                                    "left": "0",
                                                    "isLinked": false
                                                },
                                                "st_content_description_margin_responsive": {
                                                    "unit": "px",
                                                    "top": "0",
                                                    "right": "0",
                                                    "bottom": "0",
                                                    "left": "0",
                                                    "isLinked": false
                                                },
                                                "__globals__": {
                                                    "st_content_description_typography_content_typography_typography": "globals\/typography?id=0d5e945",
                                                    "st_content_title_typography_content_typography_typography": "globals\/typography?id=5e61d38",
                                                    "st_content_title_color_responsive": "globals\/colors?id=primary",
                                                    "st_content_title_color_hover_responsive": "globals\/colors?id=accent",
                                                    "st_content_description_color_responsive": "globals\/colors?id=text",
                                                    "st_container_background_background_color": "globals\/colors?id=4ac277f",
                                                    "st_icon_color_responsive": "globals\/colors?id=4a5499b",
                                                    "st_icon_bg_color_responsive": "globals\/colors?id=a567df4"
                                                },
                                                "st_container_padding_responsive_tablet": {
                                                    "unit": "px",
                                                    "top": "20",
                                                    "right": "0",
                                                    "bottom": "20",
                                                    "left": "0",
                                                    "isLinked": false
                                                },
                                                "st_container_padding_responsive_mobile": {
                                                    "unit": "px",
                                                    "top": "0",
                                                    "right": "0",
                                                    "bottom": "0",
                                                    "left": "0",
                                                    "isLinked": false
                                                },
                                                "sg_setting_content_alignment_responsive": "left",
                                                "_element_custom_width": {
                                                    "unit": "%",
                                                    "size": 50,
                                                    "sizes": []
                                                },
                                                "sg_icon_image": {
                                                    "url": "https:\/\/cleanzone.1onestrong.com\/wp-content\/uploads\/2023\/07\/Asset-003.png",
                                                    "id": 303,
                                                    "size": "",
                                                    "alt": "",
                                                    "source": "library"
                                                },
                                                "sg_icon_image_size_imagesize_size": "full",
                                                "st_icon_margin_responsive": {
                                                    "unit": "px",
                                                    "top": "0",
                                                    "right": "10",
                                                    "bottom": "0",
                                                    "left": "0",
                                                    "isLinked": false
                                                },
                                                "st_container_padding_responsive_laptop": {
                                                    "unit": "px",
                                                    "top": "30",
                                                    "right": "0",
                                                    "bottom": "30",
                                                    "left": "0",
                                                    "isLinked": false
                                                },
                                                "_margin_mobile": {
                                                    "unit": "px",
                                                    "top": "0",
                                                    "right": "0",
                                                    "bottom": "0",
                                                    "left": "0",
                                                    "isLinked": false
                                                },
                                                "sg_setting_icon_position_responsive": "left",
                                                "_margin": {
                                                    "unit": "px",
                                                    "top": "0",
                                                    "right": "0",
                                                    "bottom": "0",
                                                    "left": "0",
                                                    "isLinked": false
                                                },
                                                "_padding": {
                                                    "unit": "px",
                                                    "top": "0",
                                                    "right": "0",
                                                    "bottom": "0",
                                                    "left": "0",
                                                    "isLinked": false
                                                },
                                                "sg_setting_icon_position_responsive_mobile": "top",
                                                "sg_setting_content_alignment_responsive_mobile": "center",
                                                "st_icon_size_responsive_mobile": {
                                                    "unit": "px",
                                                    "size": 16,
                                                    "sizes": []
                                                },
                                                "st_icon_margin_responsive_mobile": {
                                                    "unit": "px",
                                                    "top": "0",
                                                    "right": "0",
                                                    "bottom": "20",
                                                    "left": "0",
                                                    "isLinked": false
                                                },
                                                "st_icon_width_responsive_mobile": {
                                                    "unit": "px",
                                                    "size": 51,
                                                    "sizes": []
                                                },
                                                "sg_setting_icon_position_responsive_tablet": "top",
                                                "st_content_title_padding_responsive_tablet": {
                                                    "unit": "px",
                                                    "top": "10",
                                                    "right": "0",
                                                    "bottom": "0",
                                                    "left": "0",
                                                    "isLinked": false
                                                },
                                                "st_icon_width_responsive_tablet": {
                                                    "unit": "px",
                                                    "size": 56,
                                                    "sizes": []
                                                },
                                                "sg_icon_header": {
                                                    "value": "fas fa-clock",
                                                    "library": "fa-solid"
                                                },
                                                "st_container_background_background_background": "classic",
                                                "st_icon_border_radius_responsive": {
                                                    "unit": "px",
                                                    "top": "10",
                                                    "right": "10",
                                                    "bottom": "10",
                                                    "left": "10",
                                                    "isLinked": true
                                                },
                                                "st_icon_size_responsive": {
                                                    "unit": "px",
                                                    "size": 25,
                                                    "sizes": []
                                                },
                                                "st_icon_padding_responsive": {
                                                    "unit": "px",
                                                    "top": "9",
                                                    "right": "0",
                                                    "bottom": "0",
                                                    "left": "9",
                                                    "isLinked": false
                                                }
                                            },
                                            "elements": [],
                                            "isInner": false,
                                            "widgetType": "jkit_icon_box",
                                            "elType": "widget"
                                        }
                                    ],
                                    "isInner": true,
                                    "elType": "column"
                                }
                            ],
                            "isInner": true,
                            "elType": "section"
                        }
                    ],
                    "isInner": false,
                    "elType": "column"
                },
                {
                    "id": "7e2a5aea",
                    "settings": {
                        "_column_size": 50,
                        "_inline_size": 67,
                        "padding": {
                            "unit": "px",
                            "top": "0",
                            "right": "0",
                            "bottom": "0",
                            "left": "0",
                            "isLinked": false
                        },
                        "jkit_sticky_section": "enabled",
                        "jkit_sticky_device": [
                            "desktop"
                        ],
                        "__globals__": {
                            "background_color": "globals\/colors?id=495d27d"
                        },
                        "margin_mobile": {
                            "unit": "px",
                            "top": "0",
                            "right": "5",
                            "bottom": "0",
                            "left": "5",
                            "isLinked": false
                        }
                    },
                    "elements": [
                        {
                            "id": "7282e8aa",
                            "settings": {
                                "background_background": "classic",
                                "border_radius": {
                                    "unit": "px",
                                    "top": "10",
                                    "right": "10",
                                    "bottom": "10",
                                    "left": "10",
                                    "isLinked": true
                                },
                                "padding": {
                                    "unit": "px",
                                    "top": "25",
                                    "right": "25",
                                    "bottom": "25",
                                    "left": "25",
                                    "isLinked": true
                                },
                                "__globals__": {
                                    "background_color": "globals\/colors?id=4ac277f"
                                },
                                "padding_laptop": {
                                    "unit": "px",
                                    "top": "20",
                                    "right": "20",
                                    "bottom": "20",
                                    "left": "20",
                                    "isLinked": true
                                },
                                "padding_tablet": {
                                    "unit": "px",
                                    "top": "10",
                                    "right": "10",
                                    "bottom": "10",
                                    "left": "10",
                                    "isLinked": true
                                }
                            },
                            "elements": [
                                {
                                    "id": "518f32b",
                                    "settings": {
                                        "_column_size": 100,
                                        "_inline_size": null
                                    },
                                    "elements": [
                                        {
                                            "id": "40db1ecd",
                                            "settings": {
                                                "title": "Get in touch",
                                                "header_size": "h4",
                                                "__globals__": {
                                                    "typography_typography": "globals\/typography?id=887363b",
                                                    "title_color": "globals\/colors?id=primary"
                                                },
                                                "align": "center"
                                            },
                                            "elements": [],
                                            "isInner": false,
                                            "widgetType": "heading",
                                            "elType": "widget"
                                        },
                                        {
                                            "id": "7123cc0",
                                            "settings": {
                                                "editor": "<p>Lorem ipsum dolor sit amet consectetur adipiscing elit montes, luctus gravida lectus<\/p>",
                                                "align": "center",
                                                "__globals__": {
                                                    "typography_typography": "globals\/typography?id=text",
                                                    "text_color": "globals\/colors?id=primary"
                                                }
                                            },
                                            "elements": [],
                                            "isInner": false,
                                            "widgetType": "text-editor",
                                            "elType": "widget"
                                        },
                                        {
                                            "id": "25f85882",
                                            "settings": {
                                                "mf_form_id": "1767***1691553356686"
                                            },
                                            "elements": [],
                                            "isInner": false,
                                            "widgetType": "metform",
                                            "elType": "widget"
                                        }
                                    ],
                                    "isInner": true,
                                    "elType": "column"
                                }
                            ],
                            "isInner": true,
                            "elType": "section"
                        }
                    ],
                    "isInner": false,
                    "elType": "column"
                }
            ],
            "isInner": false,
            "elType": "section"
        },
        {
            "id": "e8f0cce",
            "settings": {
                "content_width": {
                    "unit": "px",
                    "size": 1280,
                    "sizes": []
                },
                "padding": {
                    "unit": "em",
                    "top": "0",
                    "right": "0",
                    "bottom": "5",
                    "left": "0",
                    "isLinked": false
                },
                "padding_laptop": {
                    "unit": "em",
                    "top": "",
                    "right": "",
                    "bottom": "",
                    "left": "",
                    "isLinked": true
                },
                "padding_tablet": {
                    "unit": "em",
                    "top": "",
                    "right": "",
                    "bottom": "",
                    "left": "",
                    "isLinked": true
                },
                "padding_mobile": {
                    "unit": "em",
                    "top": "",
                    "right": "",
                    "bottom": "",
                    "left": "",
                    "isLinked": true
                }
            },
            "elements": [
                {
                    "id": "49d1e674",
                    "settings": {
                        "_column_size": 100,
                        "_inline_size": null
                    },
                    "elements": [
                        {
                            "id": "2ac4c87a",
                            "settings": {
                                "address": "London Eye, London, United Kingdom",
                                "height": {
                                    "unit": "vh",
                                    "size": 55,
                                    "sizes": []
                                },
                                "height_laptop": {
                                    "unit": "vh",
                                    "size": "",
                                    "sizes": []
                                },
                                "height_tablet": {
                                    "unit": "vh",
                                    "size": "",
                                    "sizes": []
                                },
                                "height_mobile": {
                                    "unit": "vh",
                                    "size": "",
                                    "sizes": []
                                }
                            },
                            "elements": [],
                            "isInner": false,
                            "widgetType": "google_maps",
                            "elType": "widget"
                        }
                    ],
                    "isInner": false,
                    "elType": "column"
                }
            ],
            "isInner": false,
            "elType": "section"
        }
    ]
}