{
    "version": "0.4",
    "title": "Contact \u2013 Section \u2013 Metform",
    "type": "section",
    "metadata": {
        "template_type": "section-contact",
        "include_in_zip": "1",
        "elementor_pro_required": null,
        "wp_page_template": "elementor_canvas"
    },
    "content": [
        {
            "id": "44b913a9",
            "settings": {
                "gap": "no"
            },
            "elements": [
                {
                    "id": "65dc78c2",
                    "settings": {
                        "_column_size": 100,
                        "_inline_size": null,
                        "margin": {
                            "unit": "px",
                            "top": "5",
                            "right": "5",
                            "bottom": "5",
                            "left": "5",
                            "isLinked": true
                        }
                    },
                    "elements": [
                        {
                            "id": "42e0e080",
                            "settings": {
                                "mf_input_label_status": "",
                                "mf_input_label": "Select",
                                "mf_input_name": "mf-select",
                                "mf_input_placeholder": "Type of Services",
                                "mf_input_list": [
                                    {
                                        "mf_input_option_text": "Residential Cleaning",
                                        "mf_input_option_value": "value-1",
                                        "_id": "f21eae0"
                                    },
                                    {
                                        "mf_input_option_text": "Commercial Cleaning",
                                        "mf_input_option_value": "value-2",
                                        "_id": "8e5ee3e"
                                    },
                                    {
                                        "mf_input_option_text": "Construction Cleaning",
                                        "mf_input_option_value": "value-3",
                                        "_id": "f095c11"
                                    }
                                ],
                                "mf_input_validation_warning_message": "This field is required.",
                                "mf_input_label_typography_typography": "custom",
                                "mf_input_label_typography_font_family": "Inter",
                                "mf_input_label_typography_font_size": {
                                    "unit": "px",
                                    "size": 17,
                                    "sizes": []
                                },
                                "mf_input_label_typography_font_size_tablet": {
                                    "unit": "px",
                                    "size": 15,
                                    "sizes": []
                                },
                                "mf_input_label_typography_font_size_mobile": {
                                    "unit": "px",
                                    "size": 15,
                                    "sizes": []
                                },
                                "mf_input_label_typography_font_weight": "400",
                                "mf_input_label_typography_text_transform": "none",
                                "mf_input_label_typography_line_height": {
                                    "unit": "em",
                                    "size": 1.7,
                                    "sizes": []
                                },
                                "mf_input_label_typography_letter_spacing": {
                                    "unit": "px",
                                    "size": -0.5,
                                    "sizes": []
                                },
                                "mf_input_label_padding": {
                                    "unit": "px",
                                    "top": "0",
                                    "right": "0",
                                    "bottom": "0",
                                    "left": "10",
                                    "isLinked": false
                                },
                                "mf_input_padding": {
                                    "unit": "px",
                                    "top": "3",
                                    "right": "10",
                                    "bottom": "3",
                                    "left": "15",
                                    "isLinked": false
                                },
                                "mf_input_margin": {
                                    "unit": "px",
                                    "top": "0",
                                    "right": "0",
                                    "bottom": "0",
                                    "left": "0",
                                    "isLinked": false
                                },
                                "mf_input_background_background": "classic",
                                "mf_input_border_border": "solid",
                                "mf_input_border_width": {
                                    "unit": "px",
                                    "top": "1",
                                    "right": "1",
                                    "bottom": "1",
                                    "left": "1",
                                    "isLinked": true
                                },
                                "mf_input_border_hover_border": "solid",
                                "mf_input_border_hover_width": {
                                    "unit": "px",
                                    "top": "1",
                                    "right": "1",
                                    "bottom": "1",
                                    "left": "1",
                                    "isLinked": true
                                },
                                "mf_input_border_hover_color": "#8786864A",
                                "mf_input_border_focus_border": "solid",
                                "mf_input_border_focus_width": {
                                    "unit": "px",
                                    "top": "1",
                                    "right": "1",
                                    "bottom": "1",
                                    "left": "1",
                                    "isLinked": true
                                },
                                "mf_input_border_focus_color": "#8786864A",
                                "mf_input_typgraphy_typography": "custom",
                                "mf_input_typgraphy_font_family": "DM Sans",
                                "mf_input_typgraphy_font_size": {
                                    "unit": "px",
                                    "size": 16,
                                    "sizes": []
                                },
                                "mf_input_typgraphy_font_size_tablet": {
                                    "unit": "px",
                                    "size": 14,
                                    "sizes": []
                                },
                                "mf_input_typgraphy_font_weight": "400",
                                "mf_input_typgraphy_line_height": {
                                    "unit": "em",
                                    "size": 1.8,
                                    "sizes": []
                                },
                                "mf_input_typgraphy_letter_spacing": {
                                    "unit": "px",
                                    "size": -0.29999999999999999,
                                    "sizes": []
                                },
                                "mf_input_place_holder_typography_typography": "custom",
                                "mf_input_place_holder_typography_font_family": "Inter",
                                "mf_input_place_holder_typography_font_size": {
                                    "unit": "px",
                                    "size": 17,
                                    "sizes": []
                                },
                                "mf_input_place_holder_typography_font_size_tablet": {
                                    "unit": "px",
                                    "size": 15,
                                    "sizes": []
                                },
                                "mf_input_place_holder_typography_font_size_mobile": {
                                    "unit": "px",
                                    "size": 15,
                                    "sizes": []
                                },
                                "mf_input_place_holder_typography_font_weight": "400",
                                "mf_input_place_holder_typography_text_transform": "none",
                                "mf_input_place_holder_typography_line_height": {
                                    "unit": "em",
                                    "size": 1.7,
                                    "sizes": []
                                },
                                "mf_input_place_holder_typography_letter_spacing": {
                                    "unit": "px",
                                    "size": -0.5,
                                    "sizes": []
                                },
                                "mf_input_placeholder_color": "#717B9D",
                                "__globals__": {
                                    "mf_input_label_typography_typography": "globals\/typography?id=text",
                                    "mf_input_label_color": "globals\/colors?id=secondary",
                                    "mf_input_background_color": "globals\/colors?id=a567df4",
                                    "mf_input_border_color": "globals\/colors?id=659f957",
                                    "mf_input_typgraphy_typography": "globals\/typography?id=0d5e945",
                                    "mf_input_place_holder_typography_typography": "globals\/typography?id=text",
                                    "mf_input_placeholder_color": "globals\/colors?id=text",
                                    "mf_input_border_hover_color": "globals\/colors?id=659f957",
                                    "mf_input_border_focus_color": "globals\/colors?id=659f957",
                                    "mf_input_color": "globals\/colors?id=beb0691",
                                    "mf_input_color_hover": "globals\/colors?id=accent",
                                    "mf_input_color_focus": "globals\/colors?id=beb0691",
                                    "_background_color": "globals\/colors?id=a567df4"
                                },
                                "mf_input_border_radius": {
                                    "unit": "px",
                                    "size": 10,
                                    "sizes": []
                                },
                                "mf_input_label_color": "#242424",
                                "mf_input_color": "#000533",
                                "mf_input_border_color": "#8786864A",
                                "mf_input_color_hover": "#3040B6",
                                "mf_input_color_focus": "#000533",
                                "mf_input_typgraphy_word_spacing": {
                                    "unit": "em",
                                    "size": "",
                                    "sizes": []
                                },
                                "_background_color": "#FFFFFF"
                            },
                            "elements": [],
                            "isInner": false,
                            "widgetType": "mf-select",
                            "elType": "widget"
                        }
                    ],
                    "isInner": false,
                    "elType": "column"
                }
            ],
            "isInner": false,
            "elType": "section"
        },
        {
            "id": "175eae03",
            "settings": {
                "__globals__": {
                    "background_color": "globals\/colors?id=secondary"
                },
                "gap": "no"
            },
            "elements": [
                {
                    "id": "47ad5358",
                    "settings": {
                        "_column_size": 100,
                        "_inline_size": null,
                        "margin": {
                            "unit": "px",
                            "top": "5",
                            "right": "5",
                            "bottom": "5",
                            "left": "5",
                            "isLinked": false
                        }
                    },
                    "elements": [
                        {
                            "id": "2102cd94",
                            "settings": {
                                "mf_input_label": "",
                                "mf_input_placeholder": "Name",
                                "mf_input_validation_warning_message": "This field is required.",
                                "__globals__": {
                                    "mf_input_label_typography_typography": "globals\/typography?id=text",
                                    "mf_input_label_color": "globals\/colors?id=secondary",
                                    "mf_input_background_color": "globals\/colors?id=a567df4",
                                    "mf_input_border_color": "globals\/colors?id=659f957",
                                    "mf_input_typgraphy_typography": "globals\/typography?id=0d5e945",
                                    "mf_input_place_holder_typography_typography": "globals\/typography?id=text",
                                    "mf_input_placeholder_color": "globals\/colors?id=text",
                                    "mf_input_border_hover_color": "globals\/colors?id=659f957",
                                    "mf_input_border_focus_color": "globals\/colors?id=659f957",
                                    "mf_input_color": "globals\/colors?id=beb0691",
                                    "mf_input_color_hover": "globals\/colors?id=accent",
                                    "mf_input_color_focus": "globals\/colors?id=beb0691",
                                    "_background_color": "globals\/colors?id=a567df4"
                                },
                                "mf_input_background_background": "classic",
                                "mf_input_border_border": "solid",
                                "mf_input_border_width": {
                                    "unit": "px",
                                    "top": "1",
                                    "right": "1",
                                    "bottom": "1",
                                    "left": "1",
                                    "isLinked": true
                                },
                                "mf_input_label_padding": {
                                    "unit": "px",
                                    "top": "0",
                                    "right": "0",
                                    "bottom": "0",
                                    "left": "10",
                                    "isLinked": false
                                },
                                "mf_input_border_hover_border": "solid",
                                "mf_input_border_hover_width": {
                                    "unit": "px",
                                    "top": "1",
                                    "right": "1",
                                    "bottom": "1",
                                    "left": "1",
                                    "isLinked": true
                                },
                                "mf_input_label_status": "",
                                "mf_input_required": "yes",
                                "mf_input_padding": {
                                    "unit": "px",
                                    "top": "12",
                                    "right": "0",
                                    "bottom": "12",
                                    "left": "15",
                                    "isLinked": false
                                },
                                "mf_input_border_focus_border": "solid",
                                "mf_input_border_focus_width": {
                                    "unit": "px",
                                    "top": "1",
                                    "right": "1",
                                    "bottom": "1",
                                    "left": "1",
                                    "isLinked": true
                                },
                                "mf_input_margin": {
                                    "unit": "px",
                                    "top": "0",
                                    "right": "0",
                                    "bottom": "0",
                                    "left": "0",
                                    "isLinked": false
                                },
                                "mf_input_label_typography_typography": "custom",
                                "mf_input_label_typography_font_family": "Manrope",
                                "mf_input_label_typography_font_size": {
                                    "unit": "px",
                                    "size": 15,
                                    "sizes": []
                                },
                                "mf_input_label_typography_font_size_tablet": {
                                    "unit": "px",
                                    "size": 14,
                                    "sizes": []
                                },
                                "mf_input_label_typography_font_size_mobile": {
                                    "unit": "px",
                                    "size": 14,
                                    "sizes": []
                                },
                                "mf_input_label_typography_font_weight": "400",
                                "mf_input_label_typography_text_transform": "none",
                                "mf_input_label_typography_line_height": {
                                    "unit": "em",
                                    "size": 1.6000000000000001,
                                    "sizes": []
                                },
                                "mf_input_label_typography_letter_spacing": {
                                    "unit": "px",
                                    "size": 0,
                                    "sizes": []
                                },
                                "mf_input_border_hover_color": "#87868636",
                                "mf_input_border_focus_color": "#737473",
                                "mf_input_typgraphy_typography": "custom",
                                "mf_input_typgraphy_font_family": "Manrope",
                                "mf_input_typgraphy_font_size": {
                                    "unit": "px",
                                    "size": 15,
                                    "sizes": []
                                },
                                "mf_input_typgraphy_font_size_tablet": {
                                    "unit": "px",
                                    "size": 14,
                                    "sizes": []
                                },
                                "mf_input_typgraphy_font_weight": "400",
                                "mf_input_typgraphy_line_height": {
                                    "unit": "em",
                                    "size": 1.6000000000000001,
                                    "sizes": []
                                },
                                "mf_input_typgraphy_letter_spacing": {
                                    "unit": "px",
                                    "size": 0,
                                    "sizes": []
                                },
                                "mf_input_place_holder_typography_typography": "custom",
                                "mf_input_place_holder_typography_font_family": "Manrope",
                                "mf_input_place_holder_typography_font_size": {
                                    "unit": "px",
                                    "size": 15,
                                    "sizes": []
                                },
                                "mf_input_place_holder_typography_font_size_tablet": {
                                    "unit": "px",
                                    "size": 14,
                                    "sizes": []
                                },
                                "mf_input_place_holder_typography_font_size_mobile": {
                                    "unit": "px",
                                    "size": 14,
                                    "sizes": []
                                },
                                "mf_input_place_holder_typography_font_weight": "400",
                                "mf_input_place_holder_typography_text_transform": "none",
                                "mf_input_place_holder_typography_line_height": {
                                    "unit": "em",
                                    "size": 1.6000000000000001,
                                    "sizes": []
                                },
                                "mf_input_place_holder_typography_letter_spacing": {
                                    "unit": "px",
                                    "size": 0,
                                    "sizes": []
                                },
                                "mf_input_placeholder_color": "#181818",
                                "mf_input_border_radius": {
                                    "unit": "px",
                                    "size": 10,
                                    "sizes": []
                                },
                                "mf_input_typgraphy_font_size_mobile": {
                                    "unit": "px",
                                    "size": 14,
                                    "sizes": []
                                },
                                "mf_input_typgraphy_text_transform": "none"
                            },
                            "elements": [],
                            "isInner": false,
                            "widgetType": "mf-listing-fname",
                            "elType": "widget"
                        }
                    ],
                    "isInner": false,
                    "elType": "column"
                }
            ],
            "isInner": false,
            "elType": "section"
        },
        {
            "id": "1b5bca98",
            "settings": {
                "__globals__": {
                    "background_color": "globals\/colors?id=secondary"
                },
                "gap": "no"
            },
            "elements": [
                {
                    "id": "7ee7970d",
                    "settings": {
                        "_column_size": 100,
                        "_inline_size": null,
                        "margin": {
                            "unit": "px",
                            "top": "5",
                            "right": "5",
                            "bottom": "5",
                            "left": "5",
                            "isLinked": true
                        }
                    },
                    "elements": [
                        {
                            "id": "4f02e164",
                            "settings": {
                                "mf_input_label": "Your Email",
                                "mf_input_name": "mf-email_527908",
                                "mf_input_placeholder": "Email",
                                "mf_input_validation_warning_message": "This field is required.",
                                "mf_input_background_background": "classic",
                                "mf_input_border_border": "solid",
                                "mf_input_border_width": {
                                    "unit": "px",
                                    "top": "1",
                                    "right": "1",
                                    "bottom": "1",
                                    "left": "1",
                                    "isLinked": true
                                },
                                "__globals__": {
                                    "mf_input_label_typography_typography": "globals\/typography?id=text",
                                    "mf_input_label_color": "globals\/colors?id=secondary",
                                    "mf_input_background_color": "globals\/colors?id=a567df4",
                                    "mf_input_border_color": "globals\/colors?id=659f957",
                                    "mf_input_typgraphy_typography": "globals\/typography?id=0d5e945",
                                    "mf_input_place_holder_typography_typography": "globals\/typography?id=text",
                                    "mf_input_placeholder_color": "globals\/colors?id=text",
                                    "mf_input_border_hover_color": "globals\/colors?id=659f957",
                                    "mf_input_border_focus_color": "globals\/colors?id=659f957",
                                    "mf_input_color": "globals\/colors?id=beb0691",
                                    "mf_input_color_hover": "globals\/colors?id=accent",
                                    "mf_input_color_focus": "globals\/colors?id=beb0691",
                                    "_background_color": "globals\/colors?id=a567df4"
                                },
                                "mf_input_label_padding": {
                                    "unit": "px",
                                    "top": "0",
                                    "right": "0",
                                    "bottom": "0",
                                    "left": "10",
                                    "isLinked": false
                                },
                                "mf_input_border_hover_border": "solid",
                                "mf_input_border_hover_width": {
                                    "unit": "px",
                                    "top": "1",
                                    "right": "1",
                                    "bottom": "1",
                                    "left": "1",
                                    "isLinked": true
                                },
                                "mf_input_label_status": "",
                                "mf_input_padding": {
                                    "unit": "px",
                                    "top": "12",
                                    "right": "0",
                                    "bottom": "12",
                                    "left": "15",
                                    "isLinked": false
                                },
                                "mf_input_border_focus_border": "solid",
                                "mf_input_border_focus_width": {
                                    "unit": "px",
                                    "top": "1",
                                    "right": "1",
                                    "bottom": "1",
                                    "left": "1",
                                    "isLinked": true
                                },
                                "mf_input_label_typography_typography": "custom",
                                "mf_input_label_typography_font_family": "Manrope",
                                "mf_input_label_typography_font_size": {
                                    "unit": "px",
                                    "size": 15,
                                    "sizes": []
                                },
                                "mf_input_label_typography_font_size_tablet": {
                                    "unit": "px",
                                    "size": 14,
                                    "sizes": []
                                },
                                "mf_input_label_typography_font_size_mobile": {
                                    "unit": "px",
                                    "size": 14,
                                    "sizes": []
                                },
                                "mf_input_label_typography_font_weight": "400",
                                "mf_input_label_typography_text_transform": "none",
                                "mf_input_label_typography_line_height": {
                                    "unit": "em",
                                    "size": 1.6000000000000001,
                                    "sizes": []
                                },
                                "mf_input_label_typography_letter_spacing": {
                                    "unit": "px",
                                    "size": 0,
                                    "sizes": []
                                },
                                "mf_input_border_hover_color": "#87868636",
                                "mf_input_border_focus_color": "#737473",
                                "mf_input_typgraphy_typography": "custom",
                                "mf_input_typgraphy_font_family": "Manrope",
                                "mf_input_typgraphy_font_size": {
                                    "unit": "px",
                                    "size": 15,
                                    "sizes": []
                                },
                                "mf_input_typgraphy_font_size_tablet": {
                                    "unit": "px",
                                    "size": 14,
                                    "sizes": []
                                },
                                "mf_input_typgraphy_font_weight": "400",
                                "mf_input_typgraphy_line_height": {
                                    "unit": "em",
                                    "size": 1.6000000000000001,
                                    "sizes": []
                                },
                                "mf_input_typgraphy_letter_spacing": {
                                    "unit": "px",
                                    "size": 0,
                                    "sizes": []
                                },
                                "mf_input_place_holder_typography_typography": "custom",
                                "mf_input_place_holder_typography_font_family": "Manrope",
                                "mf_input_place_holder_typography_font_size": {
                                    "unit": "px",
                                    "size": 15,
                                    "sizes": []
                                },
                                "mf_input_place_holder_typography_font_size_tablet": {
                                    "unit": "px",
                                    "size": 14,
                                    "sizes": []
                                },
                                "mf_input_place_holder_typography_font_size_mobile": {
                                    "unit": "px",
                                    "size": 14,
                                    "sizes": []
                                },
                                "mf_input_place_holder_typography_font_weight": "400",
                                "mf_input_place_holder_typography_text_transform": "none",
                                "mf_input_place_holder_typography_line_height": {
                                    "unit": "em",
                                    "size": 1.6000000000000001,
                                    "sizes": []
                                },
                                "mf_input_place_holder_typography_letter_spacing": {
                                    "unit": "px",
                                    "size": 0,
                                    "sizes": []
                                },
                                "mf_input_placeholder_color": "#181818",
                                "mf_input_margin": {
                                    "unit": "px",
                                    "top": "0",
                                    "right": "0",
                                    "bottom": "0",
                                    "left": "0",
                                    "isLinked": false
                                },
                                "mf_input_border_radius": {
                                    "unit": "px",
                                    "size": 10,
                                    "sizes": []
                                },
                                "mf_input_typgraphy_font_size_mobile": {
                                    "unit": "px",
                                    "size": 14,
                                    "sizes": []
                                },
                                "mf_input_typgraphy_text_transform": "none"
                            },
                            "elements": [],
                            "isInner": false,
                            "widgetType": "mf-email",
                            "elType": "widget"
                        }
                    ],
                    "isInner": false,
                    "elType": "column"
                }
            ],
            "isInner": false,
            "elType": "section"
        },
        {
            "id": "6c4af8df",
            "settings": {
                "__globals__": {
                    "background_color": "globals\/colors?id=secondary"
                },
                "gap": "no"
            },
            "elements": [
                {
                    "id": "50fba9e3",
                    "settings": {
                        "_column_size": 100,
                        "_inline_size": null,
                        "margin": {
                            "unit": "px",
                            "top": "5",
                            "right": "5",
                            "bottom": "5",
                            "left": "5",
                            "isLinked": true
                        }
                    },
                    "elements": [
                        {
                            "id": "1f693767",
                            "settings": {
                                "mf_input_label_status": "",
                                "mf_input_label": "Telephone",
                                "mf_input_name": "mf-telephone",
                                "mf_input_placeholder": "Phone",
                                "mf_input_validation_warning_message": "This field is required.",
                                "mf_input_label_padding": {
                                    "unit": "px",
                                    "top": "0",
                                    "right": "0",
                                    "bottom": "0",
                                    "left": "10",
                                    "isLinked": false
                                },
                                "mf_input_padding": {
                                    "unit": "px",
                                    "top": "12",
                                    "right": "0",
                                    "bottom": "12",
                                    "left": "15",
                                    "isLinked": false
                                },
                                "mf_input_background_background": "classic",
                                "mf_input_border_border": "solid",
                                "mf_input_border_width": {
                                    "unit": "px",
                                    "top": "1",
                                    "right": "1",
                                    "bottom": "1",
                                    "left": "1",
                                    "isLinked": true
                                },
                                "mf_input_border_hover_border": "solid",
                                "mf_input_border_hover_width": {
                                    "unit": "px",
                                    "top": "1",
                                    "right": "1",
                                    "bottom": "1",
                                    "left": "1",
                                    "isLinked": true
                                },
                                "mf_input_border_focus_border": "solid",
                                "mf_input_border_focus_width": {
                                    "unit": "px",
                                    "top": "1",
                                    "right": "1",
                                    "bottom": "1",
                                    "left": "1",
                                    "isLinked": true
                                },
                                "__globals__": {
                                    "mf_input_label_typography_typography": "globals\/typography?id=text",
                                    "mf_input_label_color": "globals\/colors?id=secondary",
                                    "mf_input_background_color": "globals\/colors?id=a567df4",
                                    "mf_input_border_color": "globals\/colors?id=659f957",
                                    "mf_input_typgraphy_typography": "globals\/typography?id=0d5e945",
                                    "mf_input_place_holder_typography_typography": "globals\/typography?id=text",
                                    "mf_input_placeholder_color": "globals\/colors?id=text",
                                    "mf_input_border_hover_color": "globals\/colors?id=659f957",
                                    "mf_input_border_focus_color": "globals\/colors?id=659f957",
                                    "mf_input_color": "globals\/colors?id=beb0691",
                                    "mf_input_color_hover": "globals\/colors?id=accent",
                                    "mf_input_color_focus": "globals\/colors?id=beb0691",
                                    "_background_color": "globals\/colors?id=a567df4"
                                },
                                "mf_input_label_typography_typography": "custom",
                                "mf_input_label_typography_font_family": "Manrope",
                                "mf_input_label_typography_font_size": {
                                    "unit": "px",
                                    "size": 15,
                                    "sizes": []
                                },
                                "mf_input_label_typography_font_size_tablet": {
                                    "unit": "px",
                                    "size": 14,
                                    "sizes": []
                                },
                                "mf_input_label_typography_font_size_mobile": {
                                    "unit": "px",
                                    "size": 14,
                                    "sizes": []
                                },
                                "mf_input_label_typography_font_weight": "400",
                                "mf_input_label_typography_text_transform": "none",
                                "mf_input_label_typography_line_height": {
                                    "unit": "em",
                                    "size": 1.6000000000000001,
                                    "sizes": []
                                },
                                "mf_input_label_typography_letter_spacing": {
                                    "unit": "px",
                                    "size": 0,
                                    "sizes": []
                                },
                                "mf_input_border_hover_color": "#87868636",
                                "mf_input_border_focus_color": "#737473",
                                "mf_input_typgraphy_typography": "custom",
                                "mf_input_typgraphy_font_family": "Manrope",
                                "mf_input_typgraphy_font_size": {
                                    "unit": "px",
                                    "size": 15,
                                    "sizes": []
                                },
                                "mf_input_typgraphy_font_size_tablet": {
                                    "unit": "px",
                                    "size": 14,
                                    "sizes": []
                                },
                                "mf_input_typgraphy_font_size_mobile": {
                                    "unit": "px",
                                    "size": 14,
                                    "sizes": []
                                },
                                "mf_input_typgraphy_font_weight": "400",
                                "mf_input_typgraphy_text_transform": "none",
                                "mf_input_typgraphy_line_height": {
                                    "unit": "em",
                                    "size": 1.6000000000000001,
                                    "sizes": []
                                },
                                "mf_input_typgraphy_letter_spacing": {
                                    "unit": "px",
                                    "size": 0,
                                    "sizes": []
                                },
                                "mf_input_place_holder_typography_typography": "custom",
                                "mf_input_place_holder_typography_font_family": "Manrope",
                                "mf_input_place_holder_typography_font_size": {
                                    "unit": "px",
                                    "size": 15,
                                    "sizes": []
                                },
                                "mf_input_place_holder_typography_font_size_tablet": {
                                    "unit": "px",
                                    "size": 14,
                                    "sizes": []
                                },
                                "mf_input_place_holder_typography_font_size_mobile": {
                                    "unit": "px",
                                    "size": 14,
                                    "sizes": []
                                },
                                "mf_input_place_holder_typography_font_weight": "400",
                                "mf_input_place_holder_typography_text_transform": "none",
                                "mf_input_place_holder_typography_line_height": {
                                    "unit": "em",
                                    "size": 1.6000000000000001,
                                    "sizes": []
                                },
                                "mf_input_place_holder_typography_letter_spacing": {
                                    "unit": "px",
                                    "size": 0,
                                    "sizes": []
                                },
                                "mf_input_placeholder_color": "#181818",
                                "mf_input_margin": {
                                    "unit": "px",
                                    "top": "0",
                                    "right": "0",
                                    "bottom": "0",
                                    "left": "0",
                                    "isLinked": false
                                },
                                "mf_input_border_radius": {
                                    "unit": "px",
                                    "size": 10,
                                    "sizes": []
                                }
                            },
                            "elements": [],
                            "isInner": false,
                            "widgetType": "mf-telephone",
                            "elType": "widget"
                        }
                    ],
                    "isInner": false,
                    "elType": "column"
                }
            ],
            "isInner": false,
            "elType": "section"
        },
        {
            "id": "3817abfb",
            "settings": {
                "__globals__": {
                    "background_color": "globals\/colors?id=secondary"
                },
                "gap": "no"
            },
            "elements": [
                {
                    "id": "2f4957e7",
                    "settings": {
                        "_column_size": 100,
                        "_inline_size": null,
                        "margin": {
                            "unit": "px",
                            "top": "5",
                            "right": "5",
                            "bottom": "5",
                            "left": "5",
                            "isLinked": true
                        }
                    },
                    "elements": [
                        {
                            "id": "19ae5d0b",
                            "settings": {
                                "mf_input_label_status": "",
                                "mf_input_label": "Textarea",
                                "mf_input_name": "mf-textarea",
                                "mf_input_placeholder": "Message",
                                "mf_input_validation_warning_message": "This field is required.",
                                "mf_input_label_typography_typography": "custom",
                                "mf_input_label_typography_font_family": "Manrope",
                                "mf_input_label_typography_font_size": {
                                    "unit": "px",
                                    "size": 15,
                                    "sizes": []
                                },
                                "mf_input_label_typography_font_size_tablet": {
                                    "unit": "px",
                                    "size": 14,
                                    "sizes": []
                                },
                                "mf_input_label_typography_font_size_mobile": {
                                    "unit": "px",
                                    "size": 14,
                                    "sizes": []
                                },
                                "mf_input_label_typography_font_weight": "400",
                                "mf_input_label_typography_text_transform": "none",
                                "mf_input_label_typography_line_height": {
                                    "unit": "em",
                                    "size": 1.6000000000000001,
                                    "sizes": []
                                },
                                "mf_input_label_typography_letter_spacing": {
                                    "unit": "px",
                                    "size": 0,
                                    "sizes": []
                                },
                                "mf_input_label_padding": {
                                    "unit": "px",
                                    "top": "0",
                                    "right": "0",
                                    "bottom": "0",
                                    "left": "10",
                                    "isLinked": false
                                },
                                "mf_input_padding": {
                                    "unit": "px",
                                    "top": "12",
                                    "right": "0",
                                    "bottom": "12",
                                    "left": "15",
                                    "isLinked": false
                                },
                                "mf_input_margin": {
                                    "unit": "px",
                                    "top": "0",
                                    "right": "0",
                                    "bottom": "0",
                                    "left": "0",
                                    "isLinked": false
                                },
                                "mf_input_background_background": "classic",
                                "mf_input_border_border": "solid",
                                "mf_input_border_width": {
                                    "unit": "px",
                                    "top": "1",
                                    "right": "1",
                                    "bottom": "1",
                                    "left": "1",
                                    "isLinked": true
                                },
                                "mf_input_border_hover_border": "solid",
                                "mf_input_border_hover_width": {
                                    "unit": "px",
                                    "top": "1",
                                    "right": "1",
                                    "bottom": "1",
                                    "left": "1",
                                    "isLinked": true
                                },
                                "mf_input_border_hover_color": "#87868636",
                                "mf_input_border_focus_border": "solid",
                                "mf_input_border_focus_width": {
                                    "unit": "px",
                                    "top": "1",
                                    "right": "1",
                                    "bottom": "1",
                                    "left": "1",
                                    "isLinked": true
                                },
                                "mf_input_border_focus_color": "#737473",
                                "mf_input_typgraphy_typography": "custom",
                                "mf_input_typgraphy_font_family": "Manrope",
                                "mf_input_typgraphy_font_size": {
                                    "unit": "px",
                                    "size": 15,
                                    "sizes": []
                                },
                                "mf_input_typgraphy_font_size_tablet": {
                                    "unit": "px",
                                    "size": 14,
                                    "sizes": []
                                },
                                "mf_input_typgraphy_font_size_mobile": {
                                    "unit": "px",
                                    "size": 14,
                                    "sizes": []
                                },
                                "mf_input_typgraphy_font_weight": "400",
                                "mf_input_typgraphy_text_transform": "none",
                                "mf_input_typgraphy_line_height": {
                                    "unit": "em",
                                    "size": 1.6000000000000001,
                                    "sizes": []
                                },
                                "mf_input_typgraphy_letter_spacing": {
                                    "unit": "px",
                                    "size": 0,
                                    "sizes": []
                                },
                                "mf_input_border_radius": {
                                    "unit": "px",
                                    "size": 10,
                                    "sizes": []
                                },
                                "mf_input_place_holder_typography_typography": "custom",
                                "mf_input_place_holder_typography_font_family": "Manrope",
                                "mf_input_place_holder_typography_font_size": {
                                    "unit": "px",
                                    "size": 15,
                                    "sizes": []
                                },
                                "mf_input_place_holder_typography_font_size_tablet": {
                                    "unit": "px",
                                    "size": 14,
                                    "sizes": []
                                },
                                "mf_input_place_holder_typography_font_size_mobile": {
                                    "unit": "px",
                                    "size": 14,
                                    "sizes": []
                                },
                                "mf_input_place_holder_typography_font_weight": "400",
                                "mf_input_place_holder_typography_text_transform": "none",
                                "mf_input_place_holder_typography_line_height": {
                                    "unit": "em",
                                    "size": 1.6000000000000001,
                                    "sizes": []
                                },
                                "mf_input_place_holder_typography_letter_spacing": {
                                    "unit": "px",
                                    "size": 0,
                                    "sizes": []
                                },
                                "mf_input_placeholder_color": "#181818",
                                "__globals__": {
                                    "mf_input_label_typography_typography": "globals\/typography?id=text",
                                    "mf_input_label_color": "globals\/colors?id=secondary",
                                    "mf_input_background_color": "globals\/colors?id=a567df4",
                                    "mf_input_border_color": "globals\/colors?id=659f957",
                                    "mf_input_typgraphy_typography": "globals\/typography?id=0d5e945",
                                    "mf_input_place_holder_typography_typography": "globals\/typography?id=text",
                                    "mf_input_placeholder_color": "globals\/colors?id=text",
                                    "mf_input_border_hover_color": "globals\/colors?id=659f957",
                                    "mf_input_border_focus_color": "globals\/colors?id=659f957",
                                    "mf_input_color": "globals\/colors?id=beb0691",
                                    "mf_input_color_hover": "globals\/colors?id=accent",
                                    "mf_input_color_focus": "globals\/colors?id=beb0691",
                                    "_background_color": "globals\/colors?id=a567df4"
                                },
                                "mf_textarea_field_height": {
                                    "unit": "px",
                                    "size": 124,
                                    "sizes": []
                                }
                            },
                            "elements": [],
                            "isInner": false,
                            "widgetType": "mf-textarea",
                            "elType": "widget"
                        }
                    ],
                    "isInner": false,
                    "elType": "column"
                }
            ],
            "isInner": false,
            "elType": "section"
        },
        {
            "id": "160093fc",
            "settings": [],
            "elements": [
                {
                    "id": "173e8cc3",
                    "settings": {
                        "_column_size": 100,
                        "_inline_size": null
                    },
                    "elements": [
                        {
                            "id": "7189cd34",
                            "settings": {
                                "mf_btn_text": "Submit",
                                "mf_btn_align": "justify",
                                "mf_hidden_input": [],
                                "mf_btn_bg_color_background": "classic",
                                "mf_btn_bg_hover_color_background": "classic",
                                "mf_btn_border_radius": {
                                    "unit": "px",
                                    "top": "10",
                                    "right": "10",
                                    "bottom": "10",
                                    "left": "10",
                                    "isLinked": true
                                },
                                "__globals__": {
                                    "mf_btn_typography_typography": "globals\/typography?id=accent",
                                    "mf_btn_bg_color_color": "globals\/colors?id=accent",
                                    "mf_btn_bg_hover_color_color": "globals\/colors?id=4a5499b",
                                    "mf_btn_hover_color": "globals\/colors?id=primary",
                                    "mf_btn_text_color": "globals\/colors?id=a567df4",
                                    "mf_btn_hover_border_color": "globals\/colors?id=beb0691"
                                },
                                "mf_btn_align_tablet": "justify",
                                "mf_btn_align_mobile": "justify",
                                "mf_btn_box_shadow_group_box_shadow_type": "yes",
                                "mf_btn_box_shadow_group_box_shadow": {
                                    "horizontal": 0,
                                    "vertical": 0,
                                    "blur": 10,
                                    "spread": 0,
                                    "color": "rgba(0, 0, 0, 0)"
                                },
                                "mf_btn_text_padding": {
                                    "unit": "px",
                                    "top": "16",
                                    "right": "50",
                                    "bottom": "16",
                                    "left": "50",
                                    "isLinked": false
                                },
                                "_margin": {
                                    "unit": "px",
                                    "top": "0",
                                    "right": "0",
                                    "bottom": "0",
                                    "left": "0",
                                    "isLinked": false
                                },
                                "mf_btn_border_style": "solid",
                                "mf_btn_border_dimensions": {
                                    "unit": "px",
                                    "top": "0",
                                    "right": "0",
                                    "bottom": "0",
                                    "left": "0",
                                    "isLinked": true
                                }
                            },
                            "elements": [],
                            "isInner": false,
                            "widgetType": "mf-button",
                            "elType": "widget"
                        }
                    ],
                    "isInner": false,
                    "elType": "column"
                }
            ],
            "isInner": false,
            "elType": "section"
        }
    ]
}