{
    "version": "0.4",
    "title": "FAQ",
    "type": "page",
    "metadata": {
        "template_type": "single-page",
        "include_in_zip": "1",
        "elementor_pro_required": null,
        "wp_page_template": "elementor_header_footer"
    },
    "content": [
        {
            "id": "7bb1a01f",
            "settings": {
                "content_width": {
                    "unit": "px",
                    "size": 1440,
                    "sizes": []
                },
                "height": "min-height",
                "custom_height": {
                    "unit": "vh",
                    "size": 50,
                    "sizes": []
                },
                "custom_height_laptop": {
                    "unit": "vh",
                    "size": 40,
                    "sizes": []
                },
                "custom_height_tablet": {
                    "unit": "vh",
                    "size": 32,
                    "sizes": []
                },
                "custom_height_mobile": {
                    "unit": "vh",
                    "size": 30,
                    "sizes": []
                },
                "background_background": "classic",
                "background_image": {
                    "url": "https:\/\/cleanzone.1onestrong.com\/wp-content\/uploads\/2023\/08\/cleanzonejpg-0039-1.jpg",
                    "id": 2118,
                    "size": "",
                    "alt": "",
                    "source": "library"
                },
                "background_position": "bottom right",
                "background_repeat": "no-repeat",
                "background_size": "cover",
                "background_overlay_color": "#EFEFEF",
                "background_overlay_gradient_angle": {
                    "unit": "deg",
                    "size": 95,
                    "sizes": []
                },
                "background_overlay_opacity": {
                    "unit": "px",
                    "size": 0.26000000000000001,
                    "sizes": []
                },
                "padding": {
                    "unit": "em",
                    "top": "5",
                    "right": "0",
                    "bottom": "0",
                    "left": "0",
                    "isLinked": false
                },
                "padding_laptop": {
                    "unit": "em",
                    "top": "5",
                    "right": "0",
                    "bottom": "0",
                    "left": "0",
                    "isLinked": false
                },
                "padding_tablet": {
                    "unit": "em",
                    "top": "0",
                    "right": "0",
                    "bottom": "0",
                    "left": "0",
                    "isLinked": false
                },
                "padding_mobile": {
                    "unit": "em",
                    "top": "0",
                    "right": "0",
                    "bottom": "0",
                    "left": "0",
                    "isLinked": false
                },
                "__globals__": {
                    "background_overlay_color": "globals\/colors?id=4bbea6a",
                    "background_overlay_color_b": "",
                    "background_color": "globals\/colors?id=4bbea6a"
                },
                "column_position": "stretch",
                "background_overlay_color_stop": {
                    "unit": "%",
                    "size": 52,
                    "sizes": []
                },
                "background_size_tablet": "cover",
                "background_size_mobile": "cover",
                "background_bg_width": {
                    "unit": "vw",
                    "size": 100,
                    "sizes": []
                },
                "background_bg_width_laptop": {
                    "unit": "em",
                    "size": "",
                    "sizes": []
                },
                "background_bg_width_tablet": {
                    "unit": "em",
                    "size": "",
                    "sizes": []
                },
                "background_bg_width_mobile": {
                    "unit": "em",
                    "size": "",
                    "sizes": []
                },
                "background_overlay_color_b": "#FFFFFF00",
                "background_position_mobile": "bottom center",
                "background_overlay_background": "classic"
            },
            "elements": [
                {
                    "id": "3068a43f",
                    "settings": {
                        "_column_size": 100,
                        "_inline_size": null,
                        "content_position": "center",
                        "align": "center",
                        "margin_tablet": {
                            "unit": "px",
                            "top": "0",
                            "right": "0",
                            "bottom": "0",
                            "left": "0",
                            "isLinked": false
                        },
                        "padding_tablet": {
                            "unit": "px",
                            "top": "0",
                            "right": "0",
                            "bottom": "0",
                            "left": "0",
                            "isLinked": false
                        }
                    },
                    "elements": [
                        {
                            "id": "53395339",
                            "settings": {
                                "title": "FAQS",
                                "align": "center",
                                "title_color": "#242424",
                                "typography_typography": "custom",
                                "typography_font_family": "Open Sans",
                                "typography_font_size": {
                                    "unit": "px",
                                    "size": 10,
                                    "sizes": []
                                },
                                "typography_font_size_tablet": {
                                    "unit": "px",
                                    "size": 10,
                                    "sizes": []
                                },
                                "typography_font_size_mobile": {
                                    "unit": "px",
                                    "size": 9,
                                    "sizes": []
                                },
                                "typography_font_weight": "600",
                                "typography_text_transform": "uppercase",
                                "typography_line_height": {
                                    "unit": "em",
                                    "size": 1.3999999999999999,
                                    "sizes": []
                                },
                                "typography_letter_spacing": {
                                    "unit": "px",
                                    "size": 1,
                                    "sizes": []
                                },
                                "typography_word_spacing": {
                                    "unit": "em",
                                    "size": "",
                                    "sizes": []
                                },
                                "_margin": {
                                    "unit": "px",
                                    "top": "0",
                                    "right": "0",
                                    "bottom": "13",
                                    "left": "0",
                                    "isLinked": false
                                },
                                "_padding": {
                                    "unit": "px",
                                    "top": "10",
                                    "right": "20",
                                    "bottom": "10",
                                    "left": "20",
                                    "isLinked": false
                                },
                                "_element_width": "auto",
                                "_background_background": "classic",
                                "_border_border": "solid",
                                "_border_width": {
                                    "unit": "px",
                                    "top": "1",
                                    "right": "1",
                                    "bottom": "1",
                                    "left": "1",
                                    "isLinked": true
                                },
                                "_border_radius": {
                                    "unit": "px",
                                    "top": "10",
                                    "right": "10",
                                    "bottom": "10",
                                    "left": "10",
                                    "isLinked": true
                                },
                                "__globals__": {
                                    "typography_typography": "globals\/typography?id=08fdc8c",
                                    "title_color": "globals\/colors?id=secondary",
                                    "_background_color": "globals\/colors?id=50ad2cf",
                                    "_border_color": "globals\/colors?id=659f957"
                                },
                                "_border_color": "#F58004"
                            },
                            "elements": [],
                            "isInner": false,
                            "widgetType": "heading",
                            "elType": "widget"
                        },
                        {
                            "id": "3d71215e",
                            "settings": {
                                "title": "Frequently Asked Questions\u200b",
                                "__globals__": {
                                    "title_color": "globals\/colors?id=primary",
                                    "typography_typography": "globals\/typography?id=secondary"
                                },
                                "title_color": "#00084D",
                                "header_size": "h3",
                                "align": "center"
                            },
                            "elements": [],
                            "isInner": false,
                            "widgetType": "heading",
                            "elType": "widget"
                        }
                    ],
                    "isInner": false,
                    "elType": "column"
                }
            ],
            "isInner": false,
            "elType": "section"
        },
        {
            "id": "4324e4a6",
            "settings": {
                "content_width": {
                    "unit": "px",
                    "size": 1440,
                    "sizes": []
                },
                "margin": {
                    "unit": "px",
                    "top": "0",
                    "right": 0,
                    "bottom": "0",
                    "left": 0,
                    "isLinked": false
                },
                "padding": {
                    "unit": "em",
                    "top": "5",
                    "right": "0",
                    "bottom": "5",
                    "left": "0",
                    "isLinked": false
                },
                "padding_laptop": {
                    "unit": "em",
                    "top": "",
                    "right": "",
                    "bottom": "",
                    "left": "",
                    "isLinked": true
                },
                "padding_tablet": {
                    "unit": "em",
                    "top": "3",
                    "right": "0",
                    "bottom": "3",
                    "left": "0",
                    "isLinked": false
                },
                "padding_mobile": {
                    "unit": "em",
                    "top": "",
                    "right": "",
                    "bottom": "",
                    "left": "",
                    "isLinked": true
                },
                "structure": "20"
            },
            "elements": [
                {
                    "id": "6b4ce0e5",
                    "settings": {
                        "_column_size": 50,
                        "_inline_size": 30,
                        "align": "center",
                        "padding": {
                            "unit": "em",
                            "top": "0",
                            "right": "0",
                            "bottom": "0",
                            "left": "0",
                            "isLinked": false
                        },
                        "padding_laptop": {
                            "unit": "em",
                            "top": "",
                            "right": "",
                            "bottom": "",
                            "left": "",
                            "isLinked": true
                        },
                        "padding_tablet": {
                            "unit": "em",
                            "top": "",
                            "right": "",
                            "bottom": "",
                            "left": "",
                            "isLinked": true
                        },
                        "padding_mobile": {
                            "unit": "em",
                            "top": "",
                            "right": "",
                            "bottom": "",
                            "left": "",
                            "isLinked": true
                        },
                        "margin_mobile": {
                            "unit": "px",
                            "top": "0",
                            "right": "10",
                            "bottom": "0",
                            "left": "10",
                            "isLinked": false
                        },
                        "jkit_sticky_section": "enabled",
                        "jkit_sticky_device": [
                            "desktop"
                        ]
                    },
                    "elements": [
                        {
                            "id": "3683d0b1",
                            "settings": {
                                "background_background": "classic",
                                "border_radius": {
                                    "unit": "px",
                                    "top": "10",
                                    "right": "10",
                                    "bottom": "10",
                                    "left": "10",
                                    "isLinked": true
                                },
                                "padding": {
                                    "unit": "px",
                                    "top": "50",
                                    "right": "50",
                                    "bottom": "50",
                                    "left": "50",
                                    "isLinked": true
                                },
                                "padding_mobile": {
                                    "unit": "px",
                                    "top": "20",
                                    "right": "20",
                                    "bottom": "20",
                                    "left": "20",
                                    "isLinked": true
                                },
                                "__globals__": {
                                    "background_color": "globals\/colors?id=4ac277f"
                                }
                            },
                            "elements": [
                                {
                                    "id": "3f834e79",
                                    "settings": {
                                        "_column_size": 100,
                                        "_inline_size": null
                                    },
                                    "elements": [
                                        {
                                            "id": "1b42e0c1",
                                            "settings": {
                                                "title": "Table of Contents",
                                                "align": "left",
                                                "header_size": "h3",
                                                "__globals__": {
                                                    "typography_typography": "globals\/typography?id=db1e030",
                                                    "title_color": "globals\/colors?id=primary"
                                                }
                                            },
                                            "elements": [],
                                            "isInner": false,
                                            "widgetType": "heading",
                                            "elType": "widget"
                                        },
                                        {
                                            "id": "d87ae5f",
                                            "settings": {
                                                "icon_list": [
                                                    {
                                                        "text": "General Question",
                                                        "selected_icon": {
                                                            "value": "",
                                                            "library": ""
                                                        },
                                                        "_id": "53b921d"
                                                    },
                                                    {
                                                        "text": "Home Cleaning",
                                                        "selected_icon": {
                                                            "value": "",
                                                            "library": ""
                                                        },
                                                        "_id": "151d8bc"
                                                    },
                                                    {
                                                        "text": "Office Cleaning",
                                                        "selected_icon": {
                                                            "value": "",
                                                            "library": ""
                                                        },
                                                        "_id": "6e33a6b"
                                                    },
                                                    {
                                                        "text": "End Of Lease Cleaning",
                                                        "selected_icon": {
                                                            "value": "",
                                                            "library": ""
                                                        },
                                                        "_id": "8109e9f"
                                                    },
                                                    {
                                                        "text": "Great Clean Guarantee",
                                                        "selected_icon": {
                                                            "value": "",
                                                            "library": ""
                                                        },
                                                        "_id": "61a7ef1"
                                                    }
                                                ],
                                                "space_between": {
                                                    "unit": "px",
                                                    "size": 15,
                                                    "sizes": []
                                                },
                                                "__globals__": {
                                                    "icon_typography_typography": "globals\/typography?id=text",
                                                    "text_color": "globals\/colors?id=secondary",
                                                    "text_color_hover": "globals\/colors?id=4a5499b"
                                                }
                                            },
                                            "elements": [],
                                            "isInner": false,
                                            "widgetType": "icon-list",
                                            "elType": "widget"
                                        }
                                    ],
                                    "isInner": true,
                                    "elType": "column"
                                }
                            ],
                            "isInner": true,
                            "elType": "section"
                        }
                    ],
                    "isInner": false,
                    "elType": "column"
                },
                {
                    "id": "12a719a7",
                    "settings": {
                        "_column_size": 50,
                        "_inline_size": 70,
                        "align": "center",
                        "padding": {
                            "unit": "em",
                            "top": "0",
                            "right": "0",
                            "bottom": "0",
                            "left": "0",
                            "isLinked": false
                        },
                        "padding_laptop": {
                            "unit": "em",
                            "top": "",
                            "right": "",
                            "bottom": "",
                            "left": "",
                            "isLinked": true
                        },
                        "padding_tablet": {
                            "unit": "em",
                            "top": "",
                            "right": "",
                            "bottom": "",
                            "left": "",
                            "isLinked": true
                        },
                        "padding_mobile": {
                            "unit": "em",
                            "top": "",
                            "right": "",
                            "bottom": "",
                            "left": "",
                            "isLinked": true
                        },
                        "margin": {
                            "unit": "px",
                            "top": "0",
                            "right": "0",
                            "bottom": "0",
                            "left": "100",
                            "isLinked": false
                        },
                        "margin_tablet": {
                            "unit": "px",
                            "top": "0",
                            "right": "0",
                            "bottom": "0",
                            "left": "50",
                            "isLinked": false
                        },
                        "margin_mobile": {
                            "unit": "px",
                            "top": "30",
                            "right": "0",
                            "bottom": "0",
                            "left": "0",
                            "isLinked": false
                        }
                    },
                    "elements": [
                        {
                            "id": "638f63cc",
                            "settings": [],
                            "elements": [
                                {
                                    "id": "73934f9f",
                                    "settings": {
                                        "_column_size": 100,
                                        "_inline_size": null
                                    },
                                    "elements": [
                                        {
                                            "id": "4ea2dbcd",
                                            "settings": {
                                                "title": "General Question",
                                                "align": "center",
                                                "title_color": "#242424",
                                                "typography_typography": "custom",
                                                "typography_font_family": "Open Sans",
                                                "typography_font_size": {
                                                    "unit": "px",
                                                    "size": 10,
                                                    "sizes": []
                                                },
                                                "typography_font_size_tablet": {
                                                    "unit": "px",
                                                    "size": 10,
                                                    "sizes": []
                                                },
                                                "typography_font_size_mobile": {
                                                    "unit": "px",
                                                    "size": 9,
                                                    "sizes": []
                                                },
                                                "typography_font_weight": "600",
                                                "typography_text_transform": "uppercase",
                                                "typography_line_height": {
                                                    "unit": "em",
                                                    "size": 1.3999999999999999,
                                                    "sizes": []
                                                },
                                                "typography_letter_spacing": {
                                                    "unit": "px",
                                                    "size": 1,
                                                    "sizes": []
                                                },
                                                "typography_word_spacing": {
                                                    "unit": "em",
                                                    "size": "",
                                                    "sizes": []
                                                },
                                                "_margin": {
                                                    "unit": "px",
                                                    "top": "0",
                                                    "right": "0",
                                                    "bottom": "13",
                                                    "left": "0",
                                                    "isLinked": false
                                                },
                                                "_padding": {
                                                    "unit": "px",
                                                    "top": "10",
                                                    "right": "20",
                                                    "bottom": "10",
                                                    "left": "20",
                                                    "isLinked": false
                                                },
                                                "_element_width": "auto",
                                                "_background_background": "classic",
                                                "_border_border": "solid",
                                                "_border_width": {
                                                    "unit": "px",
                                                    "top": "1",
                                                    "right": "1",
                                                    "bottom": "1",
                                                    "left": "1",
                                                    "isLinked": true
                                                },
                                                "_border_radius": {
                                                    "unit": "px",
                                                    "top": "10",
                                                    "right": "10",
                                                    "bottom": "10",
                                                    "left": "10",
                                                    "isLinked": true
                                                },
                                                "__globals__": {
                                                    "typography_typography": "globals\/typography?id=ef116fc",
                                                    "title_color": "globals\/colors?id=secondary",
                                                    "_background_color": "globals\/colors?id=50ad2cf",
                                                    "_border_color": "globals\/colors?id=659f957"
                                                },
                                                "_border_color": "#F58004"
                                            },
                                            "elements": [],
                                            "isInner": false,
                                            "widgetType": "heading",
                                            "elType": "widget"
                                        },
                                        {
                                            "id": "21c6e9e6",
                                            "settings": {
                                                "sg_accordion_list": [
                                                    {
                                                        "sg_accordion_list_title": "What is included in commercial cleaning?",
                                                        "sg_accordion_list_content": "<p>Lorem ipsum dolor sit amet, consectetuer adipiscing elit. Aenean commodo ligula eget dolor. Aenean massa. Cum sociis natoque penatibus et magnis dis parturient montes, nascetur.<\/p>",
                                                        "sg_accordion_list_open": "",
                                                        "_id": "faa513c"
                                                    },
                                                    {
                                                        "sg_accordion_list_title": "How much does commercial cleaning cost?",
                                                        "sg_accordion_list_content": "<p>Lorem ipsum dolor sit amet, consectetuer adipiscing elit. Aenean commodo ligula eget dolor. Aenean massa. Cum sociis natoque penatibus et magnis dis parturient montes, nascetur.<\/p>",
                                                        "_id": "6331713",
                                                        "sg_accordion_list_open": ""
                                                    },
                                                    {
                                                        "sg_accordion_list_title": "Why use a commercial cleaning company?",
                                                        "sg_accordion_list_content": "<p>Lorem ipsum dolor sit amet, consectetuer adipiscing elit. Aenean commodo ligula eget dolor. Aenean massa. Cum sociis natoque penatibus et magnis dis parturient montes, nascetur.<\/p>",
                                                        "sg_accordion_list_open": "",
                                                        "_id": "55c5822"
                                                    },
                                                    {
                                                        "sg_accordion_list_title": "How often should commercial cleaning be performed?",
                                                        "sg_accordion_list_content": "<p>Lorem ipsum dolor sit amet, consectetuer adipiscing elit. Aenean commodo ligula eget dolor. Aenean massa. Cum sociis natoque penatibus et magnis dis parturient montes, nascetur.<\/p>",
                                                        "sg_accordion_list_open": "",
                                                        "_id": "0949554"
                                                    }
                                                ],
                                                "sg_accordion_open": "",
                                                "__globals__": {
                                                    "st_title_typography_content_typography_typography": "globals\/typography?id=5e61d38",
                                                    "st_title_open_color_responsive": "globals\/colors?id=accent",
                                                    "st_title_open_background_background_color": "",
                                                    "st_title_close_color_responsive": "globals\/colors?id=secondary",
                                                    "st_title_close_background_background_color": "",
                                                    "st_description_typography_content_typography_typography": "globals\/typography?id=0d5e945",
                                                    "st_description_color_responsive": "globals\/colors?id=text",
                                                    "st_border_border_border_color": "globals\/colors?id=659f957",
                                                    "st_icon_open_color_responsive": "globals\/colors?id=accent",
                                                    "st_icon_close_color_responsive": "globals\/colors?id=primary"
                                                },
                                                "st_title_open_background_background_background": "classic",
                                                "st_title_close_background_background_background": "classic",
                                                "st_description_padding_responsive": {
                                                    "unit": "px",
                                                    "top": "0",
                                                    "right": "30",
                                                    "bottom": "15",
                                                    "left": "23",
                                                    "isLinked": false
                                                },
                                                "st_title_open_color_responsive": "#4A1FFF",
                                                "st_title_open_background_background_color": "#F55D2D00",
                                                "st_title_close_color_responsive": "#333333",
                                                "st_title_close_background_background_color": "#F55D2D00",
                                                "st_description_color_responsive": "#717B9D",
                                                "st_description_typography_content_typography_typography": "custom",
                                                "st_description_typography_content_typography_font_family": "Inter",
                                                "st_description_typography_content_typography_font_size": {
                                                    "unit": "px",
                                                    "size": 15,
                                                    "sizes": []
                                                },
                                                "st_description_typography_content_typography_font_size_tablet": {
                                                    "unit": "px",
                                                    "size": 14,
                                                    "sizes": []
                                                },
                                                "st_description_typography_content_typography_font_size_mobile": {
                                                    "unit": "px",
                                                    "size": 14,
                                                    "sizes": []
                                                },
                                                "st_description_typography_content_typography_font_weight": "400",
                                                "st_description_typography_content_typography_text_transform": "none",
                                                "st_description_typography_content_typography_line_height": {
                                                    "unit": "em",
                                                    "size": 1.6000000000000001,
                                                    "sizes": []
                                                },
                                                "st_description_typography_content_typography_line_height_mobile": {
                                                    "unit": "em",
                                                    "size": 1.5,
                                                    "sizes": []
                                                },
                                                "st_description_typography_content_typography_letter_spacing": {
                                                    "unit": "px",
                                                    "size": -0.5,
                                                    "sizes": []
                                                },
                                                "st_description_typography_content_typography_word_spacing": {
                                                    "unit": "em",
                                                    "size": "",
                                                    "sizes": []
                                                },
                                                "st_title_padding_responsive": {
                                                    "unit": "px",
                                                    "top": "20",
                                                    "right": "20",
                                                    "bottom": "20",
                                                    "left": "20",
                                                    "isLinked": false
                                                },
                                                "_element_custom_width": {
                                                    "unit": "%",
                                                    "size": 80,
                                                    "sizes": []
                                                },
                                                "_element_custom_width_laptop": {
                                                    "unit": "%",
                                                    "size": 75,
                                                    "sizes": []
                                                },
                                                "_element_custom_width_tablet": {
                                                    "unit": "%",
                                                    "size": 75,
                                                    "sizes": []
                                                },
                                                "_element_custom_width_mobile": {
                                                    "unit": "%",
                                                    "size": 100,
                                                    "sizes": []
                                                },
                                                "sg_icon_right": {
                                                    "value": "jki jki-plus-light",
                                                    "library": "jkiticon"
                                                },
                                                "sg_icon_right_active": {
                                                    "value": "jki jki-minus-light",
                                                    "library": "jkiticon"
                                                },
                                                "st_title_open_margin_responsive": {
                                                    "unit": "px",
                                                    "top": "-10",
                                                    "right": "0",
                                                    "bottom": "0",
                                                    "left": "0",
                                                    "isLinked": false
                                                },
                                                "st_title_close_margin_responsive": {
                                                    "unit": "px",
                                                    "top": "0",
                                                    "right": "0",
                                                    "bottom": "0",
                                                    "left": "0",
                                                    "isLinked": false
                                                },
                                                "st_border_border_border_border": "solid",
                                                "st_border_border_border_width": {
                                                    "unit": "px",
                                                    "top": "0",
                                                    "right": "0",
                                                    "bottom": "1",
                                                    "left": "0",
                                                    "isLinked": false
                                                },
                                                "_margin": {
                                                    "unit": "px",
                                                    "top": "20",
                                                    "right": "0",
                                                    "bottom": "0",
                                                    "left": "0",
                                                    "isLinked": false
                                                },
                                                "_margin_mobile": {
                                                    "unit": "px",
                                                    "top": "20",
                                                    "right": "10",
                                                    "bottom": "0",
                                                    "left": "10",
                                                    "isLinked": false
                                                },
                                                "st_title_padding_responsive_mobile": {
                                                    "unit": "px",
                                                    "top": "20",
                                                    "right": "10",
                                                    "bottom": "20",
                                                    "left": "0",
                                                    "isLinked": false
                                                },
                                                "st_description_padding_responsive_mobile": {
                                                    "unit": "px",
                                                    "top": "0",
                                                    "right": "0",
                                                    "bottom": "10",
                                                    "left": "5",
                                                    "isLinked": false
                                                },
                                                "st_border_border_border_color": "#87868636",
                                                "st_icon_open_color_responsive": "#C8EF30",
                                                "st_icon_close_color_responsive": "#222222",
                                                "st_description_open_margin_responsive": {
                                                    "unit": "px",
                                                    "top": "0",
                                                    "right": "0",
                                                    "bottom": "0",
                                                    "left": "0",
                                                    "isLinked": false
                                                },
                                                "st_wrapper_margin_responsive": {
                                                    "unit": "px",
                                                    "top": "10",
                                                    "right": "0",
                                                    "bottom": "10",
                                                    "left": "0",
                                                    "isLinked": false
                                                },
                                                "st_icon_open_size_responsive": {
                                                    "unit": "px",
                                                    "size": 15,
                                                    "sizes": []
                                                },
                                                "st_icon_close_size_responsive": {
                                                    "unit": "px",
                                                    "size": 15,
                                                    "sizes": []
                                                },
                                                "st_icon_margin_responsive_mobile": {
                                                    "unit": "px",
                                                    "top": "0",
                                                    "right": "0",
                                                    "bottom": "0",
                                                    "left": "0",
                                                    "isLinked": false
                                                }
                                            },
                                            "elements": [],
                                            "isInner": false,
                                            "widgetType": "jkit_accordion",
                                            "elType": "widget"
                                        }
                                    ],
                                    "isInner": true,
                                    "elType": "column"
                                }
                            ],
                            "isInner": true,
                            "elType": "section"
                        },
                        {
                            "id": "449bcba",
                            "settings": {
                                "margin": {
                                    "unit": "px",
                                    "top": "50",
                                    "right": 0,
                                    "bottom": "0",
                                    "left": 0,
                                    "isLinked": false
                                }
                            },
                            "elements": [
                                {
                                    "id": "551d85fc",
                                    "settings": {
                                        "_column_size": 100,
                                        "_inline_size": null
                                    },
                                    "elements": [
                                        {
                                            "id": "cb1ae5c",
                                            "settings": {
                                                "title": "Home Cleaning",
                                                "align": "center",
                                                "title_color": "#242424",
                                                "typography_typography": "custom",
                                                "typography_font_family": "Open Sans",
                                                "typography_font_size": {
                                                    "unit": "px",
                                                    "size": 10,
                                                    "sizes": []
                                                },
                                                "typography_font_size_tablet": {
                                                    "unit": "px",
                                                    "size": 10,
                                                    "sizes": []
                                                },
                                                "typography_font_size_mobile": {
                                                    "unit": "px",
                                                    "size": 9,
                                                    "sizes": []
                                                },
                                                "typography_font_weight": "600",
                                                "typography_text_transform": "uppercase",
                                                "typography_line_height": {
                                                    "unit": "em",
                                                    "size": 1.3999999999999999,
                                                    "sizes": []
                                                },
                                                "typography_letter_spacing": {
                                                    "unit": "px",
                                                    "size": 1,
                                                    "sizes": []
                                                },
                                                "typography_word_spacing": {
                                                    "unit": "em",
                                                    "size": "",
                                                    "sizes": []
                                                },
                                                "_margin": {
                                                    "unit": "px",
                                                    "top": "0",
                                                    "right": "0",
                                                    "bottom": "13",
                                                    "left": "0",
                                                    "isLinked": false
                                                },
                                                "_padding": {
                                                    "unit": "px",
                                                    "top": "10",
                                                    "right": "20",
                                                    "bottom": "10",
                                                    "left": "20",
                                                    "isLinked": false
                                                },
                                                "_element_width": "auto",
                                                "_background_background": "classic",
                                                "_border_border": "solid",
                                                "_border_width": {
                                                    "unit": "px",
                                                    "top": "1",
                                                    "right": "1",
                                                    "bottom": "1",
                                                    "left": "1",
                                                    "isLinked": true
                                                },
                                                "_border_radius": {
                                                    "unit": "px",
                                                    "top": "10",
                                                    "right": "10",
                                                    "bottom": "10",
                                                    "left": "10",
                                                    "isLinked": true
                                                },
                                                "__globals__": {
                                                    "typography_typography": "globals\/typography?id=ef116fc",
                                                    "title_color": "globals\/colors?id=secondary",
                                                    "_background_color": "globals\/colors?id=50ad2cf",
                                                    "_border_color": "globals\/colors?id=659f957"
                                                },
                                                "_border_color": "#F58004"
                                            },
                                            "elements": [],
                                            "isInner": false,
                                            "widgetType": "heading",
                                            "elType": "widget"
                                        },
                                        {
                                            "id": "77e77ee6",
                                            "settings": {
                                                "sg_accordion_list": [
                                                    {
                                                        "sg_accordion_list_title": "Are your cleaning teams professionals?",
                                                        "sg_accordion_list_content": "<p>Lorem ipsum dolor sit amet, consectetuer adipiscing elit. Aenean commodo ligula eget dolor. Aenean massa. Cum sociis natoque penatibus et magnis dis parturient montes, nascetur.<\/p>",
                                                        "sg_accordion_list_open": "",
                                                        "_id": "faa513c"
                                                    },
                                                    {
                                                        "sg_accordion_list_title": "How will I know if my booking is confirmed?",
                                                        "sg_accordion_list_content": "<p>Lorem ipsum dolor sit amet, consectetuer adipiscing elit. Aenean commodo ligula eget dolor. Aenean massa. Cum sociis natoque penatibus et magnis dis parturient montes, nascetur.<\/p>",
                                                        "_id": "6331713",
                                                        "sg_accordion_list_open": ""
                                                    },
                                                    {
                                                        "sg_accordion_list_title": "What happens if something is damaged during your clean?",
                                                        "sg_accordion_list_content": "<p>Lorem ipsum dolor sit amet, consectetuer adipiscing elit. Aenean commodo ligula eget dolor. Aenean massa. Cum sociis natoque penatibus et magnis dis parturient montes, nascetur.<\/p>",
                                                        "sg_accordion_list_open": "",
                                                        "_id": "55c5822"
                                                    },
                                                    {
                                                        "sg_accordion_list_title": "What are not included in your office cleaning service?",
                                                        "sg_accordion_list_content": "<p>Lorem ipsum dolor sit amet, consectetuer adipiscing elit. Aenean commodo ligula eget dolor. Aenean massa. Cum sociis natoque penatibus et magnis dis parturient montes, nascetur.<\/p>",
                                                        "sg_accordion_list_open": "",
                                                        "_id": "0949554"
                                                    },
                                                    {
                                                        "sg_accordion_list_title": "Can I get my office cleaned during my lunch break?",
                                                        "sg_accordion_list_content": "<p>Lorem ipsum dolor sit amet, consectetuer adipiscing elit. Aenean commodo ligula eget dolor. Aenean massa. Cum sociis natoque penatibus et magnis dis parturient montes, nascetur.<\/p>",
                                                        "sg_accordion_list_open": "",
                                                        "_id": "ae3abee"
                                                    }
                                                ],
                                                "sg_accordion_open": "",
                                                "__globals__": {
                                                    "st_title_typography_content_typography_typography": "globals\/typography?id=5e61d38",
                                                    "st_title_open_color_responsive": "globals\/colors?id=accent",
                                                    "st_title_open_background_background_color": "",
                                                    "st_title_close_color_responsive": "globals\/colors?id=secondary",
                                                    "st_title_close_background_background_color": "",
                                                    "st_description_typography_content_typography_typography": "globals\/typography?id=0d5e945",
                                                    "st_description_color_responsive": "globals\/colors?id=text",
                                                    "st_border_border_border_color": "globals\/colors?id=659f957",
                                                    "st_icon_open_color_responsive": "globals\/colors?id=accent",
                                                    "st_icon_close_color_responsive": "globals\/colors?id=primary"
                                                },
                                                "st_title_open_background_background_background": "classic",
                                                "st_title_close_background_background_background": "classic",
                                                "st_description_padding_responsive": {
                                                    "unit": "px",
                                                    "top": "0",
                                                    "right": "30",
                                                    "bottom": "15",
                                                    "left": "23",
                                                    "isLinked": false
                                                },
                                                "st_title_open_color_responsive": "#4A1FFF",
                                                "st_title_open_background_background_color": "#F55D2D00",
                                                "st_title_close_color_responsive": "#333333",
                                                "st_title_close_background_background_color": "#F55D2D00",
                                                "st_description_color_responsive": "#717B9D",
                                                "st_description_typography_content_typography_typography": "custom",
                                                "st_description_typography_content_typography_font_family": "Inter",
                                                "st_description_typography_content_typography_font_size": {
                                                    "unit": "px",
                                                    "size": 15,
                                                    "sizes": []
                                                },
                                                "st_description_typography_content_typography_font_size_tablet": {
                                                    "unit": "px",
                                                    "size": 14,
                                                    "sizes": []
                                                },
                                                "st_description_typography_content_typography_font_size_mobile": {
                                                    "unit": "px",
                                                    "size": 14,
                                                    "sizes": []
                                                },
                                                "st_description_typography_content_typography_font_weight": "400",
                                                "st_description_typography_content_typography_text_transform": "none",
                                                "st_description_typography_content_typography_line_height": {
                                                    "unit": "em",
                                                    "size": 1.6000000000000001,
                                                    "sizes": []
                                                },
                                                "st_description_typography_content_typography_line_height_mobile": {
                                                    "unit": "em",
                                                    "size": 1.5,
                                                    "sizes": []
                                                },
                                                "st_description_typography_content_typography_letter_spacing": {
                                                    "unit": "px",
                                                    "size": -0.5,
                                                    "sizes": []
                                                },
                                                "st_description_typography_content_typography_word_spacing": {
                                                    "unit": "em",
                                                    "size": "",
                                                    "sizes": []
                                                },
                                                "st_title_padding_responsive": {
                                                    "unit": "px",
                                                    "top": "20",
                                                    "right": "20",
                                                    "bottom": "20",
                                                    "left": "20",
                                                    "isLinked": false
                                                },
                                                "_element_custom_width": {
                                                    "unit": "%",
                                                    "size": 80,
                                                    "sizes": []
                                                },
                                                "_element_custom_width_laptop": {
                                                    "unit": "%",
                                                    "size": 75,
                                                    "sizes": []
                                                },
                                                "_element_custom_width_tablet": {
                                                    "unit": "%",
                                                    "size": 75,
                                                    "sizes": []
                                                },
                                                "_element_custom_width_mobile": {
                                                    "unit": "%",
                                                    "size": 100,
                                                    "sizes": []
                                                },
                                                "sg_icon_right": {
                                                    "value": "jki jki-plus-light",
                                                    "library": "jkiticon"
                                                },
                                                "sg_icon_right_active": {
                                                    "value": "jki jki-minus-light",
                                                    "library": "jkiticon"
                                                },
                                                "st_title_open_margin_responsive": {
                                                    "unit": "px",
                                                    "top": "-10",
                                                    "right": "0",
                                                    "bottom": "0",
                                                    "left": "0",
                                                    "isLinked": false
                                                },
                                                "st_title_close_margin_responsive": {
                                                    "unit": "px",
                                                    "top": "0",
                                                    "right": "0",
                                                    "bottom": "0",
                                                    "left": "0",
                                                    "isLinked": false
                                                },
                                                "st_border_border_border_border": "solid",
                                                "st_border_border_border_width": {
                                                    "unit": "px",
                                                    "top": "0",
                                                    "right": "0",
                                                    "bottom": "1",
                                                    "left": "0",
                                                    "isLinked": false
                                                },
                                                "_margin": {
                                                    "unit": "px",
                                                    "top": "20",
                                                    "right": "0",
                                                    "bottom": "0",
                                                    "left": "0",
                                                    "isLinked": false
                                                },
                                                "_margin_mobile": {
                                                    "unit": "px",
                                                    "top": "20",
                                                    "right": "10",
                                                    "bottom": "0",
                                                    "left": "10",
                                                    "isLinked": false
                                                },
                                                "st_title_padding_responsive_mobile": {
                                                    "unit": "px",
                                                    "top": "20",
                                                    "right": "10",
                                                    "bottom": "20",
                                                    "left": "0",
                                                    "isLinked": false
                                                },
                                                "st_description_padding_responsive_mobile": {
                                                    "unit": "px",
                                                    "top": "0",
                                                    "right": "0",
                                                    "bottom": "10",
                                                    "left": "5",
                                                    "isLinked": false
                                                },
                                                "st_border_border_border_color": "#87868636",
                                                "st_icon_open_color_responsive": "#C8EF30",
                                                "st_icon_close_color_responsive": "#222222",
                                                "st_description_open_margin_responsive": {
                                                    "unit": "px",
                                                    "top": "0",
                                                    "right": "0",
                                                    "bottom": "0",
                                                    "left": "0",
                                                    "isLinked": false
                                                },
                                                "st_wrapper_margin_responsive": {
                                                    "unit": "px",
                                                    "top": "10",
                                                    "right": "0",
                                                    "bottom": "10",
                                                    "left": "0",
                                                    "isLinked": false
                                                },
                                                "st_icon_open_size_responsive": {
                                                    "unit": "px",
                                                    "size": 15,
                                                    "sizes": []
                                                },
                                                "st_icon_close_size_responsive": {
                                                    "unit": "px",
                                                    "size": 15,
                                                    "sizes": []
                                                },
                                                "st_icon_margin_responsive_mobile": {
                                                    "unit": "px",
                                                    "top": "0",
                                                    "right": "0",
                                                    "bottom": "0",
                                                    "left": "0",
                                                    "isLinked": false
                                                }
                                            },
                                            "elements": [],
                                            "isInner": false,
                                            "widgetType": "jkit_accordion",
                                            "elType": "widget"
                                        }
                                    ],
                                    "isInner": true,
                                    "elType": "column"
                                }
                            ],
                            "isInner": true,
                            "elType": "section"
                        }
                    ],
                    "isInner": false,
                    "elType": "column"
                }
            ],
            "isInner": false,
            "elType": "section"
        }
    ]
}