{
    "version": "0.4",
    "title": "Global Kit Styles",
    "type": "section",
    "metadata": {
        "template_type": "global-styles",
        "include_in_zip": "1",
        "elementor_pro_required": null,
        "additional_template_information": [
            "These are the global theme styles configured through the Elementor Theme Styles area."
        ],
        "wp_page_template": "default"
    },
    "content": [],
    "page_settings": {
        "system_colors": [
            {
                "_id": "primary",
                "title": "Primary",
                "color": "#00084D"
            },
            {
                "_id": "secondary",
                "title": "Secondary",
                "color": "#242424"
            },
            {
                "_id": "text",
                "title": "Text",
                "color": "#717B9D"
            },
            {
                "_id": "accent",
                "title": "Accent",
                "color": "#3040B6"
            }
        ],
        "custom_colors": [
            {
                "_id": "a567df4",
                "title": "Background 01",
                "color": "#FFFFFF"
            },
            {
                "_id": "495d27d",
                "title": "Background 02",
                "color": "#6AE2FF"
            },
            {
                "_id": "4a5499b",
                "title": "background 03",
                "color": "#F58004"
            },
            {
                "_id": "4ac277f",
                "title": "Background 04",
                "color": "#EDF5FF"
            },
            {
                "_id": "beb0691",
                "title": "Background 05",
                "color": "#000533"
            },
            {
                "_id": "50ad2cf",
                "title": "Background 06",
                "color": "#FFECD7"
            },
            {
                "_id": "c68d27f",
                "title": "Background 07",
                "color": "#D3D3D3"
            },
            {
                "_id": "4bbea6a",
                "title": "Background 08",
                "color": "#EFEFEF"
            },
            {
                "_id": "b9ee49c",
                "title": "Background 09",
                "color": "#435292"
            },
            {
                "_id": "659f957",
                "title": "Border 01",
                "color": "#8786864A"
            },
            {
                "_id": "b96bd57",
                "title": "Hover Link",
                "color": "#0B71D9"
            }
        ],
        "system_typography": [
            {
                "_id": "primary",
                "title": "H1 Heading",
                "typography_typography": "custom",
                "typography_font_family": "Heebo",
                "typography_font_weight": "800",
                "typography_font_size": {
                    "unit": "px",
                    "size": 77,
                    "sizes": []
                },
                "typography_text_transform": "none",
                "typography_line_height": {
                    "unit": "em",
                    "size": 1.1000000000000001,
                    "sizes": []
                },
                "typography_font_size_tablet": {
                    "unit": "px",
                    "size": 52,
                    "sizes": []
                },
                "typography_font_size_mobile": {
                    "unit": "px",
                    "size": 43,
                    "sizes": []
                },
                "typography_letter_spacing": {
                    "unit": "px",
                    "size": -2.5,
                    "sizes": []
                },
                "typography_font_size_laptop": {
                    "unit": "px",
                    "size": 63,
                    "sizes": []
                }
            },
            {
                "_id": "secondary",
                "title": "H2 Heading",
                "typography_typography": "custom",
                "typography_font_family": "Heebo",
                "typography_font_weight": "700",
                "typography_font_size": {
                    "unit": "px",
                    "size": 47,
                    "sizes": []
                },
                "typography_text_transform": "none",
                "typography_line_height": {
                    "unit": "em",
                    "size": 1.3999999999999999,
                    "sizes": []
                },
                "typography_font_size_tablet": {
                    "unit": "px",
                    "size": 34,
                    "sizes": []
                },
                "typography_font_size_mobile": {
                    "unit": "px",
                    "size": 33,
                    "sizes": []
                },
                "typography_letter_spacing": {
                    "unit": "px",
                    "size": -1.2,
                    "sizes": []
                }
            },
            {
                "_id": "text",
                "title": "Text",
                "typography_typography": "custom",
                "typography_font_family": "Inter",
                "typography_font_weight": "400",
                "typography_font_size": {
                    "unit": "px",
                    "size": 17,
                    "sizes": []
                },
                "typography_text_transform": "none",
                "typography_line_height": {
                    "unit": "em",
                    "size": 1.7,
                    "sizes": []
                },
                "typography_font_size_tablet": {
                    "unit": "px",
                    "size": 15,
                    "sizes": []
                },
                "typography_font_size_mobile": {
                    "unit": "px",
                    "size": 15,
                    "sizes": []
                },
                "typography_letter_spacing": {
                    "unit": "px",
                    "size": -0.5,
                    "sizes": []
                }
            },
            {
                "_id": "accent",
                "title": "Button",
                "typography_typography": "custom",
                "typography_font_family": "Inter",
                "typography_font_weight": "600",
                "typography_font_size": {
                    "unit": "px",
                    "size": 14,
                    "sizes": []
                },
                "typography_text_decoration": "none",
                "typography_font_size_tablet": {
                    "unit": "px",
                    "size": 12,
                    "sizes": []
                },
                "typography_font_size_mobile": {
                    "unit": "px",
                    "size": 12,
                    "sizes": []
                },
                "typography_text_transform": "uppercase",
                "typography_letter_spacing": {
                    "unit": "px",
                    "size": 1,
                    "sizes": []
                }
            }
        ],
        "custom_typography": [
            {
                "typography_typography": "custom",
                "typography_font_family": "Heebo",
                "typography_font_size": {
                    "unit": "px",
                    "size": 35,
                    "sizes": []
                },
                "typography_font_size_tablet": {
                    "unit": "px",
                    "size": 27,
                    "sizes": []
                },
                "typography_font_size_mobile": {
                    "unit": "px",
                    "size": 27,
                    "sizes": []
                },
                "typography_font_weight": "500",
                "typography_text_transform": "none",
                "typography_line_height": {
                    "unit": "em",
                    "size": 1.3999999999999999,
                    "sizes": []
                },
                "typography_word_spacing": {
                    "unit": "em",
                    "size": "",
                    "sizes": []
                },
                "_id": "887363b",
                "title": "H3 ",
                "typography_letter_spacing": {
                    "unit": "px",
                    "size": -1,
                    "sizes": []
                }
            },
            {
                "typography_typography": "custom",
                "typography_font_family": "Heebo",
                "typography_font_size": {
                    "unit": "px",
                    "size": 24,
                    "sizes": []
                },
                "typography_font_size_tablet": {
                    "unit": "px",
                    "size": 22,
                    "sizes": []
                },
                "typography_font_size_mobile": {
                    "unit": "px",
                    "size": 21,
                    "sizes": []
                },
                "typography_font_weight": "600",
                "typography_text_transform": "none",
                "typography_line_height": {
                    "unit": "em",
                    "size": 1.3,
                    "sizes": []
                },
                "typography_word_spacing": {
                    "unit": "em",
                    "size": "",
                    "sizes": []
                },
                "_id": "db1e030",
                "title": "H4",
                "typography_letter_spacing": {
                    "unit": "px",
                    "size": -0.29999999999999999,
                    "sizes": []
                }
            },
            {
                "typography_typography": "custom",
                "typography_font_family": "Heebo",
                "typography_font_size": {
                    "unit": "px",
                    "size": 18,
                    "sizes": []
                },
                "typography_font_size_tablet": {
                    "unit": "px",
                    "size": 17,
                    "sizes": []
                },
                "typography_font_size_mobile": {
                    "unit": "px",
                    "size": 17,
                    "sizes": []
                },
                "typography_font_weight": "500",
                "typography_text_transform": "none",
                "typography_line_height": {
                    "unit": "em",
                    "size": 1.6000000000000001,
                    "sizes": []
                },
                "_id": "ef116fc",
                "title": "H5",
                "typography_letter_spacing": {
                    "unit": "px",
                    "size": 0.5,
                    "sizes": []
                }
            },
            {
                "typography_typography": "custom",
                "typography_font_family": "Inter",
                "typography_font_size": {
                    "unit": "px",
                    "size": 16,
                    "sizes": []
                },
                "typography_font_size_tablet": {
                    "unit": "px",
                    "size": 14,
                    "sizes": []
                },
                "typography_font_weight": "400",
                "typography_line_height": {
                    "unit": "em",
                    "size": 1.8,
                    "sizes": []
                },
                "typography_word_spacing": {
                    "unit": "em",
                    "size": "",
                    "sizes": []
                },
                "_id": "0d5e945",
                "title": "H6 ",
                "typography_letter_spacing": {
                    "unit": "px",
                    "size": -0.29999999999999999,
                    "sizes": []
                }
            },
            {
                "typography_typography": "custom",
                "typography_font_family": "Inter",
                "typography_font_size": {
                    "unit": "px",
                    "size": 12,
                    "sizes": []
                },
                "typography_font_size_tablet": {
                    "unit": "px",
                    "size": 11,
                    "sizes": []
                },
                "typography_font_size_mobile": {
                    "unit": "px",
                    "size": 11,
                    "sizes": []
                },
                "typography_font_weight": "600",
                "typography_text_transform": "none",
                "typography_line_height": {
                    "unit": "em",
                    "size": 1.3,
                    "sizes": []
                },
                "typography_letter_spacing": {
                    "unit": "px",
                    "size": 0.5,
                    "sizes": []
                },
                "_id": "d848767",
                "title": "Font 12 px",
                "typography_line_height_mobile": {
                    "unit": "em",
                    "size": 1.5,
                    "sizes": []
                },
                "typography_font_size_laptop": {
                    "unit": "px",
                    "size": 11,
                    "sizes": []
                }
            },
            {
                "typography_typography": "custom",
                "typography_font_family": "Inter",
                "typography_font_size": {
                    "unit": "px",
                    "size": 14,
                    "sizes": []
                },
                "typography_font_size_tablet": {
                    "unit": "px",
                    "size": 13,
                    "sizes": []
                },
                "typography_font_weight": "400",
                "typography_line_height": {
                    "unit": "em",
                    "size": 1.8,
                    "sizes": []
                },
                "typography_letter_spacing": {
                    "unit": "px",
                    "size": -0.29999999999999999,
                    "sizes": []
                },
                "typography_word_spacing": {
                    "unit": "em",
                    "size": "",
                    "sizes": []
                },
                "_id": "b6d582b",
                "title": "Font 14 px",
                "typography_font_size_mobile": {
                    "unit": "px",
                    "size": 13,
                    "sizes": []
                },
                "typography_font_size_laptop": {
                    "unit": "px",
                    "size": 13,
                    "sizes": []
                }
            },
            {
                "typography_typography": "custom",
                "typography_font_family": "Heebo",
                "typography_font_size": {
                    "unit": "px",
                    "size": 18,
                    "sizes": []
                },
                "typography_font_size_tablet": {
                    "unit": "px",
                    "size": 17,
                    "sizes": []
                },
                "typography_font_size_mobile": {
                    "unit": "px",
                    "size": 16,
                    "sizes": []
                },
                "typography_font_weight": "600",
                "typography_line_height": {
                    "unit": "em",
                    "size": "",
                    "sizes": []
                },
                "typography_letter_spacing": {
                    "unit": "px",
                    "size": -0.29999999999999999,
                    "sizes": []
                },
                "typography_word_spacing": {
                    "unit": "em",
                    "size": "",
                    "sizes": []
                },
                "_id": "5e61d38",
                "title": "Font 18 px"
            },
            {
                "typography_typography": "custom",
                "typography_font_family": "Heebo",
                "typography_font_size": {
                    "unit": "px",
                    "size": 30,
                    "sizes": []
                },
                "typography_font_size_tablet": {
                    "unit": "px",
                    "size": 25,
                    "sizes": []
                },
                "typography_font_size_mobile": {
                    "unit": "px",
                    "size": 25,
                    "sizes": []
                },
                "typography_font_weight": "600",
                "typography_line_height": {
                    "unit": "em",
                    "size": 1.5,
                    "sizes": []
                },
                "typography_line_height_tablet": {
                    "unit": "em",
                    "size": 1.6000000000000001,
                    "sizes": []
                },
                "typography_line_height_mobile": {
                    "unit": "em",
                    "size": 1.6000000000000001,
                    "sizes": []
                },
                "typography_letter_spacing": {
                    "unit": "px",
                    "size": -0.29999999999999999,
                    "sizes": []
                },
                "typography_word_spacing": {
                    "unit": "em",
                    "size": "",
                    "sizes": []
                },
                "_id": "399dac6",
                "title": "Font 30 px",
                "typography_font_size_laptop": {
                    "unit": "px",
                    "size": 28,
                    "sizes": []
                }
            },
            {
                "typography_typography": "custom",
                "typography_font_family": "Heebo",
                "typography_font_size": {
                    "unit": "px",
                    "size": 44,
                    "sizes": []
                },
                "typography_font_size_tablet": {
                    "unit": "px",
                    "size": 35,
                    "sizes": []
                },
                "typography_font_size_mobile": {
                    "unit": "px",
                    "size": 35,
                    "sizes": []
                },
                "typography_font_weight": "900",
                "typography_text_transform": "uppercase",
                "typography_line_height": {
                    "unit": "em",
                    "size": 1.3,
                    "sizes": []
                },
                "typography_letter_spacing": {
                    "unit": "px",
                    "size": -1,
                    "sizes": []
                },
                "typography_word_spacing": {
                    "unit": "em",
                    "size": "",
                    "sizes": []
                },
                "_id": "3a09443",
                "title": "Font 44 px"
            },
            {
                "typography_typography": "custom",
                "typography_font_family": "Inter",
                "typography_font_size": {
                    "unit": "px",
                    "size": 16,
                    "sizes": []
                },
                "typography_font_weight": "600",
                "typography_letter_spacing": {
                    "unit": "px",
                    "size": -0.5,
                    "sizes": []
                },
                "_id": "6aaa7b7",
                "title": "Header Menu"
            },
            {
                "typography_typography": "custom",
                "typography_font_family": "Inter",
                "typography_font_size": {
                    "unit": "px",
                    "size": 15,
                    "sizes": []
                },
                "typography_font_weight": "500",
                "_id": "ec93f83",
                "title": "Header Submenu",
                "typography_line_height": {
                    "unit": "em",
                    "size": 1.8,
                    "sizes": []
                },
                "typography_letter_spacing": {
                    "unit": "px",
                    "size": -0.5,
                    "sizes": []
                }
            },
            {
                "typography_typography": "custom",
                "typography_font_family": "Inter",
                "typography_font_size": {
                    "unit": "px",
                    "size": 19,
                    "sizes": []
                },
                "typography_font_size_tablet": {
                    "unit": "px",
                    "size": 18,
                    "sizes": []
                },
                "typography_font_size_mobile": {
                    "unit": "px",
                    "size": 18,
                    "sizes": []
                },
                "typography_font_weight": "300",
                "typography_text_transform": "none",
                "typography_font_style": "italic",
                "typography_line_height": {
                    "unit": "em",
                    "size": 1.8,
                    "sizes": []
                },
                "typography_letter_spacing": {
                    "unit": "px",
                    "size": -0.5,
                    "sizes": []
                },
                "_id": "cf855e7",
                "title": "Testimonial text"
            },
            {
                "typography_typography": "custom",
                "typography_font_family": "Inter",
                "typography_font_size": {
                    "unit": "px",
                    "size": 10,
                    "sizes": []
                },
                "typography_font_size_tablet": {
                    "unit": "px",
                    "size": 10,
                    "sizes": []
                },
                "typography_font_size_mobile": {
                    "unit": "px",
                    "size": 9,
                    "sizes": []
                },
                "typography_font_weight": "700",
                "typography_text_transform": "uppercase",
                "typography_line_height": {
                    "unit": "em",
                    "size": 1.3999999999999999,
                    "sizes": []
                },
                "typography_letter_spacing": {
                    "unit": "px",
                    "size": 1,
                    "sizes": []
                },
                "typography_word_spacing": {
                    "unit": "em",
                    "size": "",
                    "sizes": []
                },
                "_id": "08fdc8c",
                "title": "Top Before Title"
            },
            {
                "typography_typography": "custom",
                "typography_font_family": "Heebo",
                "typography_font_size": {
                    "unit": "px",
                    "size": 12,
                    "sizes": []
                },
                "typography_font_size_tablet": {
                    "unit": "px",
                    "size": 11,
                    "sizes": []
                },
                "typography_font_size_mobile": {
                    "unit": "px",
                    "size": 11,
                    "sizes": []
                },
                "typography_font_weight": "500",
                "typography_text_transform": "uppercase",
                "typography_text_decoration": "none",
                "typography_letter_spacing": {
                    "unit": "px",
                    "size": 1,
                    "sizes": []
                },
                "_id": "d788c66",
                "title": "Button 02"
            }
        ],
        "default_generic_fonts": "Sans-serif",
        "page_title_selector": "h1.entry-title",
        "hello_footer_copyright_text": "All rights reserved",
        "activeItemIndex": 1,
        "viewport_md": 768,
        "viewport_lg": 1025,
        "body_background_background": "classic",
        "button_border_border": "solid",
        "button_border_width": {
            "unit": "px",
            "top": "0",
            "right": "0",
            "bottom": "0",
            "left": "0",
            "isLinked": false
        },
        "button_border_radius": {
            "unit": "px",
            "top": "10",
            "right": "10",
            "bottom": "10",
            "left": "10",
            "isLinked": true
        },
        "button_padding": {
            "unit": "px",
            "top": "16",
            "right": "35",
            "bottom": "16",
            "left": "35",
            "isLinked": false
        },
        "form_field_border_border": "solid",
        "form_field_border_width": {
            "unit": "px",
            "top": "0",
            "right": "0",
            "bottom": "0",
            "left": "0",
            "isLinked": false
        },
        "form_field_border_radius": {
            "unit": "px",
            "top": "0",
            "right": "0",
            "bottom": "0",
            "left": "0",
            "isLinked": false
        },
        "form_field_padding": {
            "unit": "px",
            "top": "12",
            "right": "20",
            "bottom": "11",
            "left": "30",
            "isLinked": false
        },
        "__globals__": {
            "body_color": "globals\/colors?id=text",
            "body_typography_typography": "globals\/typography?id=text",
            "link_normal_color": "globals\/colors?id=primary",
            "link_hover_color": "globals\/colors?id=primary",
            "h1_color": "globals\/colors?id=primary",
            "h1_typography_typography": "globals\/typography?id=primary",
            "h2_color": "globals\/colors?id=primary",
            "h2_typography_typography": "globals\/typography?id=secondary",
            "h3_color": "globals\/colors?id=primary",
            "h3_typography_typography": "globals\/typography?id=887363b",
            "h4_color": "globals\/colors?id=primary",
            "h4_typography_typography": "globals\/typography?id=db1e030",
            "h5_color": "globals\/colors?id=primary",
            "h5_typography_typography": "globals\/typography?id=ef116fc",
            "h6_color": "globals\/colors?id=primary",
            "h6_typography_typography": "globals\/typography?id=0d5e945",
            "button_typography_typography": "globals\/typography?id=accent",
            "button_background_color": "globals\/colors?id=accent",
            "button_hover_background_color": "globals\/colors?id=4a5499b",
            "form_label_color": "globals\/colors?id=primary",
            "form_label_typography_typography": "globals\/typography?id=text",
            "form_field_typography_typography": "globals\/typography?id=text",
            "form_field_text_color": "globals\/colors?id=primary",
            "form_field_background_color": "",
            "body_background_color": "globals\/colors?id=a567df4",
            "mobile_browser_background": "globals\/colors?id=a567df4",
            "button_hover_text_color": "globals\/colors?id=a567df4",
            "button_text_color": "globals\/colors?id=a567df4",
            "button_hover_border_color": "globals\/colors?id=primary",
            "link_normal_typography_typography": ""
        },
        "body_color": "#717B9D",
        "body_typography_typography": "custom",
        "body_typography_font_family": "Inter",
        "body_typography_font_size": {
            "unit": "px",
            "size": 17,
            "sizes": []
        },
        "body_typography_font_weight": "400",
        "body_typography_text_transform": "none",
        "body_typography_line_height": {
            "unit": "em",
            "size": 1.7,
            "sizes": []
        },
        "link_hover_color": "#00084D",
        "h1_color": "#00084D",
        "h1_typography_typography": "custom",
        "h1_typography_font_family": "Heebo",
        "h1_typography_font_size": {
            "unit": "px",
            "size": 77,
            "sizes": []
        },
        "h1_typography_font_weight": "800",
        "h1_typography_text_transform": "none",
        "h1_typography_line_height": {
            "unit": "em",
            "size": 1.1000000000000001,
            "sizes": []
        },
        "h1_typography_letter_spacing": {
            "unit": "px",
            "size": -2.5,
            "sizes": []
        },
        "h2_color": "#00084D",
        "h2_typography_typography": "custom",
        "h2_typography_font_family": "Heebo",
        "h2_typography_font_size": {
            "unit": "px",
            "size": 50,
            "sizes": []
        },
        "h2_typography_font_weight": "700",
        "h2_typography_text_transform": "none",
        "h2_typography_line_height": {
            "unit": "em",
            "size": 1.3999999999999999,
            "sizes": []
        },
        "h2_typography_letter_spacing": {
            "unit": "px",
            "size": -1.2,
            "sizes": []
        },
        "h3_color": "#00084D",
        "h3_typography_typography": "custom",
        "h3_typography_font_family": "DM Sans",
        "h3_typography_font_size": {
            "unit": "px",
            "size": 40,
            "sizes": []
        },
        "h3_typography_font_weight": "700",
        "h3_typography_text_transform": "none",
        "h3_typography_line_height": {
            "unit": "em",
            "size": 1.3999999999999999,
            "sizes": []
        },
        "h3_typography_word_spacing": {
            "unit": "em",
            "size": "",
            "sizes": []
        },
        "h4_color": "#00084D",
        "h4_typography_typography": "custom",
        "h4_typography_font_family": "Heebo",
        "h4_typography_font_size": {
            "unit": "px",
            "size": 24,
            "sizes": []
        },
        "h4_typography_font_weight": "600",
        "h4_typography_text_transform": "none",
        "h4_typography_line_height": {
            "unit": "em",
            "size": 1.3,
            "sizes": []
        },
        "h4_typography_letter_spacing": {
            "unit": "px",
            "size": -0.29999999999999999,
            "sizes": []
        },
        "h4_typography_word_spacing": {
            "unit": "em",
            "size": "",
            "sizes": []
        },
        "h5_color": "#00084D",
        "h5_typography_typography": "custom",
        "h5_typography_font_family": "Inter",
        "h5_typography_font_size": {
            "unit": "px",
            "size": 18,
            "sizes": []
        },
        "h5_typography_font_weight": "400",
        "h5_typography_text_transform": "none",
        "h5_typography_line_height": {
            "unit": "em",
            "size": 1.6000000000000001,
            "sizes": []
        },
        "h5_typography_word_spacing": {
            "unit": "em",
            "size": "",
            "sizes": []
        },
        "h6_color": "#00084D",
        "h6_typography_typography": "custom",
        "h6_typography_font_family": "DM Sans",
        "h6_typography_font_size": {
            "unit": "px",
            "size": 16,
            "sizes": []
        },
        "h6_typography_font_weight": "400",
        "h6_typography_line_height": {
            "unit": "em",
            "size": 1.8,
            "sizes": []
        },
        "h6_typography_letter_spacing": {
            "unit": "px",
            "size": -0.29999999999999999,
            "sizes": []
        },
        "h6_typography_word_spacing": {
            "unit": "em",
            "size": "",
            "sizes": []
        },
        "button_background_color": "#3040B6",
        "form_label_color": "#00084D",
        "form_field_text_color": "#00084D",
        "body_background_color": "#FFFFFF",
        "mobile_browser_background": "#FFFFFF",
        "body_typography_font_size_tablet": {
            "unit": "px",
            "size": 14,
            "sizes": []
        },
        "body_typography_font_size_mobile": {
            "unit": "px",
            "size": 14,
            "sizes": []
        },
        "h1_typography_font_size_tablet": {
            "unit": "px",
            "size": 52,
            "sizes": []
        },
        "h1_typography_font_size_mobile": {
            "unit": "px",
            "size": 43,
            "sizes": []
        },
        "h2_typography_font_size_tablet": {
            "unit": "px",
            "size": 36,
            "sizes": []
        },
        "h2_typography_font_size_mobile": {
            "unit": "px",
            "size": 34,
            "sizes": []
        },
        "h3_typography_font_size_tablet": {
            "unit": "px",
            "size": 27,
            "sizes": []
        },
        "h3_typography_font_size_mobile": {
            "unit": "px",
            "size": 27,
            "sizes": []
        },
        "h4_typography_font_size_tablet": {
            "unit": "px",
            "size": 22,
            "sizes": []
        },
        "h4_typography_font_size_mobile": {
            "unit": "px",
            "size": 21,
            "sizes": []
        },
        "h5_typography_font_size_tablet": {
            "unit": "px",
            "size": 19,
            "sizes": []
        },
        "h5_typography_font_size_mobile": {
            "unit": "px",
            "size": 19,
            "sizes": []
        },
        "h6_typography_font_size_tablet": {
            "unit": "px",
            "size": 14,
            "sizes": []
        },
        "active_breakpoints": [
            "viewport_mobile",
            "viewport_tablet",
            "viewport_laptop"
        ],
        "form_field_focus_border_border": "solid",
        "form_field_focus_border_width": {
            "unit": "px",
            "top": "0",
            "right": "0",
            "bottom": "0",
            "left": "0",
            "isLinked": true
        },
        "form_field_border_color": "#FFFFFF00",
        "form_field_focus_border_color": "#FFFFFF00",
        "form_field_box_shadow_box_shadow": {
            "horizontal": 0,
            "vertical": 0,
            "blur": 10,
            "spread": 0,
            "color": "rgba(0, 0, 0, 0.08)"
        },
        "body_typography_letter_spacing": {
            "unit": "px",
            "size": -0.5,
            "sizes": []
        },
        "h3_typography_letter_spacing": {
            "unit": "px",
            "size": -1.5,
            "sizes": []
        },
        "h5_typography_letter_spacing": {
            "unit": "px",
            "size": 0.5,
            "sizes": []
        },
        "button_text_color": "#FFFFFF",
        "button_hover_text_color": "#FFFFFF",
        "form_label_typography_typography": "custom",
        "form_label_typography_font_family": "Inter",
        "form_label_typography_font_size": {
            "unit": "px",
            "size": 17,
            "sizes": []
        },
        "form_label_typography_font_weight": "400",
        "form_label_typography_text_transform": "none",
        "form_label_typography_line_height": {
            "unit": "em",
            "size": 1.7,
            "sizes": []
        },
        "form_label_typography_letter_spacing": {
            "unit": "px",
            "size": -0.5,
            "sizes": []
        },
        "form_field_typography_typography": "custom",
        "form_field_typography_font_family": "Inter",
        "form_field_typography_font_size": {
            "unit": "px",
            "size": 17,
            "sizes": []
        },
        "form_field_typography_font_weight": "400",
        "form_field_typography_text_transform": "none",
        "form_field_typography_line_height": {
            "unit": "em",
            "size": 1.7,
            "sizes": []
        },
        "form_field_typography_letter_spacing": {
            "unit": "px",
            "size": -0.5,
            "sizes": []
        },
        "form_label_typography_font_size_tablet": {
            "unit": "px",
            "size": 14,
            "sizes": []
        },
        "form_label_typography_font_size_mobile": {
            "unit": "px",
            "size": 14,
            "sizes": []
        },
        "form_field_typography_font_size_tablet": {
            "unit": "px",
            "size": 14,
            "sizes": []
        },
        "form_field_typography_font_size_mobile": {
            "unit": "px",
            "size": 14,
            "sizes": []
        },
        "button_hover_border_border": "solid",
        "button_hover_border_width": {
            "unit": "px",
            "top": "0",
            "right": "0",
            "bottom": "0",
            "left": "0",
            "isLinked": true
        },
        "link_normal_color": "#00084D",
        "link_normal_typography_font_family": "Heebo",
        "link_normal_typography_font_size": {
            "unit": "px",
            "size": 12,
            "sizes": []
        },
        "link_normal_typography_font_weight": "500",
        "link_normal_typography_text_transform": "uppercase",
        "link_normal_typography_text_decoration": "none",
        "link_normal_typography_line_height": {
            "unit": "em",
            "size": "",
            "sizes": []
        },
        "link_normal_typography_letter_spacing": {
            "unit": "px",
            "size": 1,
            "sizes": []
        },
        "link_normal_typography_word_spacing": {
            "unit": "em",
            "size": "",
            "sizes": []
        },
        "button_typography_typography": "custom",
        "button_typography_font_family": "Open Sans",
        "button_typography_font_size": {
            "unit": "px",
            "size": 14,
            "sizes": []
        },
        "button_typography_font_weight": "600",
        "button_typography_text_transform": "uppercase",
        "button_typography_text_decoration": "none",
        "button_typography_letter_spacing": {
            "unit": "px",
            "size": 1,
            "sizes": []
        },
        "button_hover_background_color": "#F58004",
        "button_hover_border_color": "#00084D",
        "link_normal_typography_font_size_tablet": {
            "unit": "px",
            "size": 11,
            "sizes": []
        },
        "link_normal_typography_font_size_mobile": {
            "unit": "px",
            "size": 11,
            "sizes": []
        },
        "h1_typography_font_size_laptop": {
            "unit": "px",
            "size": 63,
            "sizes": []
        },
        "button_typography_font_size_tablet": {
            "unit": "px",
            "size": 12,
            "sizes": []
        },
        "button_typography_font_size_mobile": {
            "unit": "px",
            "size": 12,
            "sizes": []
        }
    }
}