{
    "version": "0.4",
    "title": "Single Post",
    "type": "section",
    "metadata": {
        "template_type": "single-post",
        "include_in_zip": "1",
        "elementor_pro_required": null,
        "wp_page_template": "elementor_header_footer"
    },
    "content": [
        {
            "id": "3433b1ad",
            "settings": {
                "content_width": {
                    "unit": "px",
                    "size": 1440,
                    "sizes": []
                },
                "height": "min-height",
                "custom_height": {
                    "unit": "vh",
                    "size": 50,
                    "sizes": []
                },
                "custom_height_laptop": {
                    "unit": "vh",
                    "size": 40,
                    "sizes": []
                },
                "custom_height_tablet": {
                    "unit": "vh",
                    "size": 32,
                    "sizes": []
                },
                "custom_height_mobile": {
                    "unit": "vh",
                    "size": 30,
                    "sizes": []
                },
                "background_background": "classic",
                "background_image": {
                    "url": "",
                    "id": "",
                    "size": "",
                    "alt": "",
                    "source": "library"
                },
                "background_position": "bottom right",
                "background_repeat": "no-repeat",
                "background_size": "cover",
                "background_overlay_color": "#EFEFEF",
                "background_overlay_gradient_angle": {
                    "unit": "deg",
                    "size": 95,
                    "sizes": []
                },
                "background_overlay_opacity": {
                    "unit": "px",
                    "size": 0.26000000000000001,
                    "sizes": []
                },
                "padding": {
                    "unit": "em",
                    "top": "5",
                    "right": "0",
                    "bottom": "0",
                    "left": "0",
                    "isLinked": false
                },
                "padding_laptop": {
                    "unit": "em",
                    "top": "5",
                    "right": "0",
                    "bottom": "0",
                    "left": "0",
                    "isLinked": false
                },
                "padding_tablet": {
                    "unit": "em",
                    "top": "0",
                    "right": "0",
                    "bottom": "0",
                    "left": "0",
                    "isLinked": false
                },
                "padding_mobile": {
                    "unit": "em",
                    "top": "0",
                    "right": "0",
                    "bottom": "0",
                    "left": "0",
                    "isLinked": false
                },
                "__globals__": {
                    "background_overlay_color": "globals\/colors?id=4bbea6a",
                    "background_overlay_color_b": "",
                    "background_color": "globals\/colors?id=4bbea6a"
                },
                "column_position": "stretch",
                "background_overlay_color_stop": {
                    "unit": "%",
                    "size": 52,
                    "sizes": []
                },
                "background_size_tablet": "cover",
                "background_size_mobile": "cover",
                "background_bg_width": {
                    "unit": "vw",
                    "size": 100,
                    "sizes": []
                },
                "background_bg_width_laptop": {
                    "unit": "em",
                    "size": "",
                    "sizes": []
                },
                "background_bg_width_tablet": {
                    "unit": "em",
                    "size": "",
                    "sizes": []
                },
                "background_bg_width_mobile": {
                    "unit": "em",
                    "size": "",
                    "sizes": []
                },
                "background_overlay_color_b": "#FFFFFF00",
                "background_position_mobile": "bottom center",
                "background_overlay_background": "classic"
            },
            "elements": [
                {
                    "id": "7dea136a",
                    "settings": {
                        "_column_size": 100,
                        "_inline_size": null,
                        "content_position": "center",
                        "align": "center",
                        "margin_tablet": {
                            "unit": "px",
                            "top": "0",
                            "right": "0",
                            "bottom": "0",
                            "left": "0",
                            "isLinked": false
                        },
                        "padding_tablet": {
                            "unit": "px",
                            "top": "0",
                            "right": "0",
                            "bottom": "0",
                            "left": "0",
                            "isLinked": false
                        }
                    },
                    "elements": [
                        {
                            "id": "64c374e4",
                            "settings": {
                                "st_title_alignment_responsive": "center",
                                "_margin": {
                                    "unit": "px",
                                    "top": "0",
                                    "right": "0",
                                    "bottom": "-25",
                                    "left": "0",
                                    "isLinked": false
                                },
                                "__globals__": {
                                    "st_title_typography_content_typography_typography": "globals\/typography?id=secondary",
                                    "st_title_normal_color_responsive": "globals\/colors?id=primary"
                                }
                            },
                            "elements": [],
                            "isInner": false,
                            "widgetType": "jkit_post_title",
                            "elType": "widget"
                        },
                        {
                            "id": "78e3d072",
                            "settings": {
                                "_margin": {
                                    "unit": "px",
                                    "top": "0",
                                    "right": "0",
                                    "bottom": "-12",
                                    "left": "0",
                                    "isLinked": false
                                },
                                "_padding": {
                                    "unit": "px",
                                    "top": "0",
                                    "right": "0",
                                    "bottom": "0",
                                    "left": "0",
                                    "isLinked": false
                                },
                                "_element_width": "auto",
                                "__globals__": {
                                    "st_author_typography_content_typography_typography": "globals\/typography?id=text",
                                    "st_author_normal_color_responsive": "globals\/colors?id=text"
                                }
                            },
                            "elements": [],
                            "isInner": false,
                            "widgetType": "jkit_post_author",
                            "elType": "widget"
                        },
                        {
                            "id": "6ffd5714",
                            "settings": {
                                "text": "Divider",
                                "gap": {
                                    "unit": "px",
                                    "size": 5,
                                    "sizes": []
                                },
                                "_margin": {
                                    "unit": "px",
                                    "top": "0",
                                    "right": "20",
                                    "bottom": "0",
                                    "left": "20",
                                    "isLinked": false
                                },
                                "_element_width": "initial",
                                "_element_custom_width": {
                                    "unit": "%",
                                    "size": 8,
                                    "sizes": []
                                },
                                "__globals__": {
                                    "color": "globals\/colors?id=85a1903"
                                },
                                "_animation": "fadeInUp",
                                "_animation_delay": 400,
                                "_margin_tablet": {
                                    "unit": "px",
                                    "top": "0",
                                    "right": "15",
                                    "bottom": "0",
                                    "left": "15",
                                    "isLinked": false
                                },
                                "_element_custom_width_mobile": {
                                    "unit": "%",
                                    "size": 20,
                                    "sizes": []
                                }
                            },
                            "elements": [],
                            "isInner": false,
                            "widgetType": "divider",
                            "elType": "widget"
                        },
                        {
                            "id": "35558da0",
                            "settings": {
                                "sg_date_format_custom": "F j, Y",
                                "st_date_normal_color_responsive": "#2062F0",
                                "_margin": {
                                    "unit": "px",
                                    "top": "0",
                                    "right": "0",
                                    "bottom": "-12",
                                    "left": "0",
                                    "isLinked": false
                                },
                                "_element_width": "auto",
                                "__globals__": {
                                    "st_date_typography_content_typography_typography": "globals\/typography?id=text",
                                    "st_date_normal_color_responsive": "globals\/colors?id=text",
                                    "st_date_hover_color_responsive": ""
                                },
                                "_animation": "fadeInUp",
                                "_animation_delay": 600,
                                "sg_date_type": "modified"
                            },
                            "elements": [],
                            "isInner": false,
                            "widgetType": "jkit_post_date",
                            "elType": "widget"
                        }
                    ],
                    "isInner": false,
                    "elType": "column"
                }
            ],
            "isInner": false,
            "elType": "section"
        },
        {
            "id": "4a60b3b8",
            "settings": {
                "content_width": {
                    "unit": "px",
                    "size": 1300,
                    "sizes": []
                },
                "padding": {
                    "unit": "em",
                    "top": "0",
                    "right": "0",
                    "bottom": "3",
                    "left": "0",
                    "isLinked": false
                },
                "padding_tablet": {
                    "unit": "px",
                    "top": "20",
                    "right": "0",
                    "bottom": "80",
                    "left": "0",
                    "isLinked": false
                },
                "padding_laptop": {
                    "unit": "em",
                    "top": "",
                    "right": "",
                    "bottom": "",
                    "left": "",
                    "isLinked": true
                }
            },
            "elements": [
                {
                    "id": "44bfb43b",
                    "settings": {
                        "_column_size": 100,
                        "_inline_size": null,
                        "space_between_widgets": 0
                    },
                    "elements": [
                        {
                            "id": "4748985",
                            "settings": {
                                "sg_image_size_imagesize_size": "full",
                                "st_image_size_responsive": {
                                    "unit": "%",
                                    "size": 65,
                                    "sizes": []
                                },
                                "st_image_size_responsive_laptop": {
                                    "unit": "%",
                                    "size": 84,
                                    "sizes": []
                                },
                                "st_image_size_responsive_tablet": {
                                    "unit": "%",
                                    "size": 100,
                                    "sizes": []
                                },
                                "st_image_size_responsive_mobile": {
                                    "unit": "%",
                                    "size": "",
                                    "sizes": []
                                },
                                "st_image_border_radius_responsive": {
                                    "unit": "px",
                                    "top": "10",
                                    "right": "10",
                                    "bottom": "10",
                                    "left": "10",
                                    "isLinked": true
                                },
                                "_margin": {
                                    "unit": "px",
                                    "top": "-105",
                                    "right": "0",
                                    "bottom": "0",
                                    "left": "0",
                                    "isLinked": false
                                },
                                "_margin_mobile": {
                                    "unit": "px",
                                    "top": "-40",
                                    "right": "0",
                                    "bottom": "0",
                                    "left": "0",
                                    "isLinked": false
                                }
                            },
                            "elements": [],
                            "isInner": false,
                            "widgetType": "jkit_post_featured_image",
                            "elType": "widget"
                        },
                        {
                            "id": "3eee4f6e",
                            "settings": {
                                "content_width": {
                                    "unit": "px",
                                    "size": 850,
                                    "sizes": []
                                },
                                "margin": {
                                    "unit": "px",
                                    "top": "30",
                                    "right": 0,
                                    "bottom": "0",
                                    "left": 0,
                                    "isLinked": false
                                }
                            },
                            "elements": [
                                {
                                    "id": "1fe7bf86",
                                    "settings": {
                                        "_column_size": 100,
                                        "_inline_size": null,
                                        "space_between_widgets": 0
                                    },
                                    "elements": [
                                        {
                                            "id": "12adf2bf",
                                            "settings": {
                                                "sg_title_before": "Baking Powder Explained",
                                                "sg_title_focused": "",
                                                "sg_subtitle_heading": "Lorem ipsum dolor set amet",
                                                "sg_shadow_content": "news",
                                                "sg_separator_enable": "",
                                                "__globals__": {
                                                    "st_title_typography_content_typography_typography": "globals\/typography?id=db1e030",
                                                    "st_title_color_responsive": "globals\/colors?id=primary"
                                                },
                                                "st_title_margin_responsive": {
                                                    "unit": "px",
                                                    "top": "0",
                                                    "right": "0",
                                                    "bottom": "15",
                                                    "left": "0",
                                                    "isLinked": false
                                                },
                                                "st_title_margin_responsive_tablet": {
                                                    "unit": "px",
                                                    "top": "0",
                                                    "right": "0",
                                                    "bottom": "20",
                                                    "left": "0",
                                                    "isLinked": ""
                                                },
                                                "sg_title_text": "Trending Stories And Another Stories",
                                                "sg_title_html_tag": "h3",
                                                "st_title_margin_responsive_mobile": {
                                                    "unit": "px",
                                                    "top": "0",
                                                    "right": "0",
                                                    "bottom": "0",
                                                    "left": "0",
                                                    "isLinked": true
                                                }
                                            },
                                            "elements": [],
                                            "isInner": false,
                                            "widgetType": "jkit_heading",
                                            "elType": "widget"
                                        },
                                        {
                                            "id": "7d447035",
                                            "settings": {
                                                "editor": "Lorem ipsum dolor sit amet consectetuer adipiscing elit. Aenean commodo ligula eget dolor. Aenean massa cum sociis natoque penatibus et magnis dis parturient montes, nascetur ridiculus mus. Donec quam felis ultricies nec pellentesque eu pretium quis Nulla consequat massa.",
                                                "align": "left",
                                                "_margin": {
                                                    "unit": "px",
                                                    "top": "0",
                                                    "right": "0",
                                                    "bottom": "20",
                                                    "left": "0",
                                                    "isLinked": ""
                                                },
                                                "_element_width": "initial",
                                                "_element_custom_width": {
                                                    "unit": "%",
                                                    "size": "97",
                                                    "sizes": []
                                                },
                                                "__globals__": {
                                                    "typography_typography": "globals\/typography?id=text",
                                                    "text_color": "globals\/colors?id=text"
                                                },
                                                "_element_custom_width_tablet": {
                                                    "unit": "%",
                                                    "size": 100,
                                                    "sizes": []
                                                },
                                                "_element_custom_width_mobile": {
                                                    "unit": "%",
                                                    "size": "100",
                                                    "sizes": []
                                                },
                                                "_margin_mobile": {
                                                    "unit": "px",
                                                    "top": "0",
                                                    "right": "0",
                                                    "bottom": "20",
                                                    "left": "0",
                                                    "isLinked": ""
                                                },
                                                "_animation_delay": "200"
                                            },
                                            "elements": [],
                                            "isInner": false,
                                            "widgetType": "text-editor",
                                            "elType": "widget"
                                        },
                                        {
                                            "id": "318cb4d4",
                                            "settings": {
                                                "editor": "Donec pede justo fringilla vel aliquet nec vulputate eget arcu. In enim justo rhoncus ut imperdiet a venenatis vitae justo. Nullam dictum felis eu pede mollis pretium. Integer tincidunt. Cras dapibus. Vivamus elementum semper nisi. Aenean vulputate eleifend tellus.",
                                                "align": "left",
                                                "_margin": {
                                                    "unit": "px",
                                                    "top": "0",
                                                    "right": "0",
                                                    "bottom": "30",
                                                    "left": "0",
                                                    "isLinked": ""
                                                },
                                                "_element_width": "initial",
                                                "_element_custom_width": {
                                                    "unit": "%",
                                                    "size": "97",
                                                    "sizes": []
                                                },
                                                "__globals__": {
                                                    "typography_typography": "globals\/typography?id=text",
                                                    "text_color": "globals\/colors?id=text"
                                                },
                                                "_element_custom_width_tablet": {
                                                    "unit": "%",
                                                    "size": 100,
                                                    "sizes": []
                                                },
                                                "_element_custom_width_mobile": {
                                                    "unit": "%",
                                                    "size": "100",
                                                    "sizes": []
                                                },
                                                "_margin_mobile": {
                                                    "unit": "px",
                                                    "top": "0",
                                                    "right": "0",
                                                    "bottom": "20",
                                                    "left": "0",
                                                    "isLinked": ""
                                                },
                                                "_animation_delay": "200"
                                            },
                                            "elements": [],
                                            "isInner": false,
                                            "widgetType": "text-editor",
                                            "elType": "widget"
                                        },
                                        {
                                            "id": "4a1c9ba9",
                                            "settings": {
                                                "sg_title_before": "What Makes Baking Soda & Baking Powder Different?",
                                                "sg_title_focused": "",
                                                "sg_subtitle_heading": "Lorem ipsum dolor set amet",
                                                "sg_shadow_content": "news",
                                                "sg_separator_enable": "",
                                                "__globals__": {
                                                    "st_title_typography_content_typography_typography": "globals\/typography?id=db1e030",
                                                    "st_title_color_responsive": "globals\/colors?id=primary"
                                                },
                                                "st_title_margin_responsive": {
                                                    "unit": "px",
                                                    "top": "0",
                                                    "right": "0",
                                                    "bottom": "15",
                                                    "left": "0",
                                                    "isLinked": false
                                                },
                                                "st_title_margin_responsive_tablet": {
                                                    "unit": "px",
                                                    "top": "0",
                                                    "right": "0",
                                                    "bottom": "20",
                                                    "left": "0",
                                                    "isLinked": ""
                                                },
                                                "sg_title_text": "Trending Stories And Another Stories",
                                                "sg_title_html_tag": "h3",
                                                "st_title_margin_responsive_mobile": {
                                                    "unit": "px",
                                                    "top": "0",
                                                    "right": "0",
                                                    "bottom": "0",
                                                    "left": "0",
                                                    "isLinked": false
                                                }
                                            },
                                            "elements": [],
                                            "isInner": false,
                                            "widgetType": "jkit_heading",
                                            "elType": "widget"
                                        },
                                        {
                                            "id": "295c6f0b",
                                            "settings": {
                                                "editor": "Aenean leo ligula porttitor eu consequat vitae eleifend ac enim. Aliquam lorem ante dapibus in viverra quis feugiat a tellus. Phasellus viverra nulla ut metus varius laoreet quisque rutrum aenean imperdiet.",
                                                "align": "left",
                                                "_margin": {
                                                    "unit": "px",
                                                    "top": "0",
                                                    "right": "0",
                                                    "bottom": "30",
                                                    "left": "0",
                                                    "isLinked": ""
                                                },
                                                "_element_width": "initial",
                                                "_element_custom_width": {
                                                    "unit": "%",
                                                    "size": "97",
                                                    "sizes": []
                                                },
                                                "__globals__": {
                                                    "typography_typography": "globals\/typography?id=text",
                                                    "text_color": "globals\/colors?id=text"
                                                },
                                                "_element_custom_width_tablet": {
                                                    "unit": "%",
                                                    "size": 100,
                                                    "sizes": []
                                                },
                                                "_element_custom_width_mobile": {
                                                    "unit": "%",
                                                    "size": "100",
                                                    "sizes": []
                                                },
                                                "_margin_mobile": {
                                                    "unit": "px",
                                                    "top": "0",
                                                    "right": "0",
                                                    "bottom": "30",
                                                    "left": "0",
                                                    "isLinked": ""
                                                },
                                                "_animation_delay": "200"
                                            },
                                            "elements": [],
                                            "isInner": false,
                                            "widgetType": "text-editor",
                                            "elType": "widget"
                                        },
                                        {
                                            "id": "7503f097",
                                            "settings": {
                                                "carousel": [
                                                    {
                                                        "id": 1674,
                                                        "url": "https:\/\/cleanzone.1onestrong.com\/wp-content\/uploads\/2023\/08\/cleanzonejpg-0022.jpg"
                                                    },
                                                    {
                                                        "id": 1675,
                                                        "url": "https:\/\/cleanzone.1onestrong.com\/wp-content\/uploads\/2023\/08\/cleanzonejpg-0023.jpg"
                                                    },
                                                    {
                                                        "id": 1673,
                                                        "url": "https:\/\/cleanzone.1onestrong.com\/wp-content\/uploads\/2023\/08\/cleanzonejpg-0021.jpg"
                                                    },
                                                    {
                                                        "id": 1686,
                                                        "url": "https:\/\/cleanzone.1onestrong.com\/wp-content\/uploads\/2023\/08\/cleanzonejpg-0024.jpg"
                                                    }
                                                ],
                                                "thumbnail_size": "full",
                                                "thumbnail_custom_dimension": {
                                                    "width": "",
                                                    "height": "1280"
                                                },
                                                "slides_to_show": "2",
                                                "slides_to_scroll": "1",
                                                "image_stretch": "yes",
                                                "navigation": "none",
                                                "gallery_vertical_align": "center",
                                                "image_spacing": "custom",
                                                "_mask_shape": "custom",
                                                "_mask_image": {
                                                    "id": 2280,
                                                    "url": "https:\/\/cleanzone.1onestrong.com\/wp-content\/uploads\/2023\/08\/placeholder-1.png"
                                                },
                                                "_mask_size": "custom",
                                                "image_spacing_custom": {
                                                    "unit": "px",
                                                    "size": 30,
                                                    "sizes": []
                                                },
                                                "autoplay_speed": "3000",
                                                "_mask_size_scale_tablet": {
                                                    "unit": "%",
                                                    "size": "",
                                                    "sizes": []
                                                },
                                                "_mask_size_scale_mobile": {
                                                    "unit": "%",
                                                    "size": "",
                                                    "sizes": []
                                                },
                                                "_margin": {
                                                    "unit": "px",
                                                    "top": "0",
                                                    "right": "0",
                                                    "bottom": "30",
                                                    "left": "0",
                                                    "isLinked": false
                                                },
                                                "slides_to_show_mobile": "1",
                                                "image_border_radius": {
                                                    "unit": "px",
                                                    "top": "10",
                                                    "right": "10",
                                                    "bottom": "10",
                                                    "left": "10",
                                                    "isLinked": true
                                                },
                                                "_animation": "fadeIn",
                                                "_animation_delay": 200,
                                                "_margin_mobile": {
                                                    "unit": "px",
                                                    "top": "0",
                                                    "right": "0",
                                                    "bottom": "20",
                                                    "left": "0",
                                                    "isLinked": false
                                                }
                                            },
                                            "elements": [],
                                            "isInner": false,
                                            "widgetType": "image-carousel",
                                            "elType": "widget"
                                        },
                                        {
                                            "id": "6e5e9acf",
                                            "settings": {
                                                "editor": "Etiam ultricies nisi vel augue. Curabitur ullamcorper ultricies nisi. Nam eget dui etiam rhoncus. Maecenas tempus, tellus eget condimentum rhoncus, sem quam semper libero, sit amet adipiscing sem neque sed ipsum. Nam quam nunc, blandit vel, luctus pulvinar, hendrerit id, lorem. Maecenas nec odio et ante tincidunt tempus. Donec vitae sapien ut libero venenatis faucibus. Nullam quis ante. Etiam sit amet orci eget eros faucibus tincidunt duis leo.",
                                                "align": "left",
                                                "_margin": {
                                                    "unit": "px",
                                                    "top": "0",
                                                    "right": "0",
                                                    "bottom": "30",
                                                    "left": "0",
                                                    "isLinked": ""
                                                },
                                                "_element_width": "initial",
                                                "_element_custom_width": {
                                                    "unit": "%",
                                                    "size": 100,
                                                    "sizes": []
                                                },
                                                "__globals__": {
                                                    "typography_typography": "globals\/typography?id=text",
                                                    "text_color": "globals\/colors?id=text"
                                                },
                                                "_element_custom_width_tablet": {
                                                    "unit": "%",
                                                    "size": 100,
                                                    "sizes": []
                                                },
                                                "_element_custom_width_mobile": {
                                                    "unit": "%",
                                                    "size": "100",
                                                    "sizes": []
                                                },
                                                "_margin_mobile": {
                                                    "unit": "px",
                                                    "top": "0",
                                                    "right": "0",
                                                    "bottom": "20",
                                                    "left": "0",
                                                    "isLinked": ""
                                                },
                                                "_animation_delay": "200"
                                            },
                                            "elements": [],
                                            "isInner": false,
                                            "widgetType": "text-editor",
                                            "elType": "widget"
                                        }
                                    ],
                                    "isInner": true,
                                    "elType": "column"
                                }
                            ],
                            "isInner": true,
                            "elType": "section"
                        },
                        {
                            "id": "213ac92c",
                            "settings": {
                                "content_width": {
                                    "unit": "px",
                                    "size": 850,
                                    "sizes": []
                                },
                                "content_position": "middle",
                                "structure": "20",
                                "border_border": "none",
                                "margin": {
                                    "unit": "px",
                                    "top": "0",
                                    "right": 0,
                                    "bottom": "20",
                                    "left": 0,
                                    "isLinked": false
                                },
                                "__globals__": {
                                    "border_color": ""
                                },
                                "margin_tablet": {
                                    "unit": "px",
                                    "top": "0",
                                    "right": 0,
                                    "bottom": "10",
                                    "left": 0,
                                    "isLinked": false
                                }
                            },
                            "elements": [
                                {
                                    "id": "70e7afea",
                                    "settings": {
                                        "_column_size": 50,
                                        "_inline_size": null,
                                        "content_position": "center",
                                        "align": "flex-start",
                                        "align_mobile": "flex-start",
                                        "margin_mobile": {
                                            "unit": "px",
                                            "top": "0",
                                            "right": "0",
                                            "bottom": "10",
                                            "left": "0",
                                            "isLinked": false
                                        }
                                    },
                                    "elements": [
                                        {
                                            "id": "b2fa116",
                                            "settings": {
                                                "editor": "Tags :",
                                                "align": "left",
                                                "_margin": {
                                                    "unit": "px",
                                                    "top": "0",
                                                    "right": "10",
                                                    "bottom": "0",
                                                    "left": "0",
                                                    "isLinked": false
                                                },
                                                "_element_width": "auto",
                                                "_element_custom_width": {
                                                    "unit": "%",
                                                    "size": "97",
                                                    "sizes": []
                                                },
                                                "__globals__": {
                                                    "typography_typography": "globals\/typography?id=text",
                                                    "text_color": "globals\/colors?id=text"
                                                },
                                                "_element_custom_width_tablet": {
                                                    "unit": "%",
                                                    "size": "80",
                                                    "sizes": []
                                                },
                                                "_element_custom_width_mobile": {
                                                    "unit": "%",
                                                    "size": "100",
                                                    "sizes": []
                                                },
                                                "_margin_mobile": {
                                                    "unit": "px",
                                                    "top": "0",
                                                    "right": "0",
                                                    "bottom": "0",
                                                    "left": "0",
                                                    "isLinked": ""
                                                },
                                                "_animation_delay": "200"
                                            },
                                            "elements": [],
                                            "isInner": false,
                                            "widgetType": "text-editor",
                                            "elType": "widget"
                                        },
                                        {
                                            "id": "46027b11",
                                            "settings": {
                                                "sg_term_separator": ", ",
                                                "st_term_normal_color_responsive": "#2062F0",
                                                "_element_width": "auto",
                                                "__globals__": {
                                                    "st_term_typography_content_typography_typography": "globals\/typography?id=text",
                                                    "st_term_normal_color_responsive": "globals\/colors?id=primary",
                                                    "st_term_hover_color_responsive": "globals\/colors?id=secondary"
                                                },
                                                "_margin_mobile": {
                                                    "unit": "px",
                                                    "top": "0",
                                                    "right": "0",
                                                    "bottom": "0",
                                                    "left": "10",
                                                    "isLinked": false
                                                }
                                            },
                                            "elements": [],
                                            "isInner": false,
                                            "widgetType": "jkit_post_terms",
                                            "elType": "widget"
                                        }
                                    ],
                                    "isInner": true,
                                    "elType": "column"
                                },
                                {
                                    "id": "3583abfe",
                                    "settings": {
                                        "_column_size": 50,
                                        "_inline_size": null,
                                        "content_position": "center",
                                        "align": "flex-end",
                                        "align_mobile": "flex-start"
                                    },
                                    "elements": [
                                        {
                                            "id": "12ee993c",
                                            "settings": {
                                                "editor": "Share This :",
                                                "align": "left",
                                                "_margin": {
                                                    "unit": "px",
                                                    "top": "0",
                                                    "right": "10",
                                                    "bottom": "0",
                                                    "left": "0",
                                                    "isLinked": false
                                                },
                                                "_element_width": "auto",
                                                "_element_custom_width": {
                                                    "unit": "%",
                                                    "size": "97",
                                                    "sizes": []
                                                },
                                                "__globals__": {
                                                    "typography_typography": "globals\/typography?id=text",
                                                    "text_color": "globals\/colors?id=text"
                                                },
                                                "_element_custom_width_tablet": {
                                                    "unit": "%",
                                                    "size": "80",
                                                    "sizes": []
                                                },
                                                "_element_custom_width_mobile": {
                                                    "unit": "%",
                                                    "size": "100",
                                                    "sizes": []
                                                },
                                                "_margin_mobile": {
                                                    "unit": "px",
                                                    "top": "0",
                                                    "right": "0",
                                                    "bottom": "0",
                                                    "left": "0",
                                                    "isLinked": true
                                                },
                                                "_animation_delay": "200"
                                            },
                                            "elements": [],
                                            "isInner": false,
                                            "widgetType": "text-editor",
                                            "elType": "widget"
                                        },
                                        {
                                            "id": "75964e13",
                                            "settings": {
                                                "social_icon_list": [
                                                    {
                                                        "social_icon": {
                                                            "value": "fab fa-facebook-f",
                                                            "library": "fa-brands"
                                                        },
                                                        "_id": "dc33851"
                                                    },
                                                    {
                                                        "social_icon": {
                                                            "value": "fab fa-twitter",
                                                            "library": "fa-brands"
                                                        },
                                                        "_id": "1ff867d"
                                                    },
                                                    {
                                                        "social_icon": {
                                                            "value": "fab fa-tiktok",
                                                            "library": "fa-brands"
                                                        },
                                                        "_id": "944ca85"
                                                    },
                                                    {
                                                        "social_icon": {
                                                            "value": "fab fa-linkedin-in",
                                                            "library": "fa-brands"
                                                        },
                                                        "_id": "95595a4"
                                                    },
                                                    {
                                                        "social_icon": {
                                                            "value": "fab fa-instagram",
                                                            "library": "fa-brands"
                                                        },
                                                        "_id": "bc5bc06"
                                                    }
                                                ],
                                                "icon_color": "custom",
                                                "icon_size": {
                                                    "unit": "px",
                                                    "size": 15,
                                                    "sizes": []
                                                },
                                                "icon_padding": {
                                                    "unit": "em",
                                                    "size": 0.80000000000000004,
                                                    "sizes": []
                                                },
                                                "icon_spacing": {
                                                    "unit": "px",
                                                    "size": 10,
                                                    "sizes": []
                                                },
                                                "border_radius": {
                                                    "unit": "px",
                                                    "top": "25",
                                                    "right": "25",
                                                    "bottom": "25",
                                                    "left": "25",
                                                    "isLinked": true
                                                },
                                                "_margin": {
                                                    "unit": "px",
                                                    "top": "0",
                                                    "right": "0",
                                                    "bottom": "0",
                                                    "left": "0",
                                                    "isLinked": false
                                                },
                                                "__globals__": {
                                                    "icon_primary_color": "globals\/colors?id=beb0691",
                                                    "icon_secondary_color": "globals\/colors?id=a567df4",
                                                    "hover_primary_color": "globals\/colors?id=accent",
                                                    "hover_secondary_color": "globals\/colors?id=a567df4",
                                                    "image_border_color": "globals\/colors?id=4a5499b"
                                                },
                                                "align_mobile": "left",
                                                "hover_animation": "float",
                                                "image_border_border": "none",
                                                "image_border_width": {
                                                    "unit": "px",
                                                    "top": "1",
                                                    "right": "1",
                                                    "bottom": "1",
                                                    "left": "1",
                                                    "isLinked": true
                                                },
                                                "_element_width_mobile": "initial",
                                                "_element_custom_width": {
                                                    "unit": "%",
                                                    "size": 50,
                                                    "sizes": []
                                                },
                                                "_element_custom_width_mobile": {
                                                    "unit": "%",
                                                    "size": 100,
                                                    "sizes": []
                                                },
                                                "_element_width": "auto"
                                            },
                                            "elements": [],
                                            "isInner": false,
                                            "widgetType": "social-icons",
                                            "elType": "widget"
                                        }
                                    ],
                                    "isInner": true,
                                    "elType": "column"
                                }
                            ],
                            "isInner": true,
                            "elType": "section"
                        },
                        {
                            "id": "60339e91",
                            "settings": {
                                "width": {
                                    "unit": "px",
                                    "size": 830,
                                    "sizes": []
                                },
                                "width_tablet": {
                                    "unit": "px",
                                    "size": 730,
                                    "sizes": []
                                },
                                "width_mobile": {
                                    "unit": "%",
                                    "size": 94,
                                    "sizes": []
                                },
                                "align": "center",
                                "text": "Divider",
                                "_margin": {
                                    "unit": "px",
                                    "top": "0",
                                    "right": "0",
                                    "bottom": "20",
                                    "left": "0",
                                    "isLinked": false
                                },
                                "__globals__": {
                                    "color": "globals\/colors?id=659f957"
                                },
                                "_margin_tablet": {
                                    "unit": "px",
                                    "top": "0",
                                    "right": "0",
                                    "bottom": "10",
                                    "left": "0",
                                    "isLinked": false
                                },
                                "_margin_mobile": {
                                    "unit": "px",
                                    "top": "10",
                                    "right": "0",
                                    "bottom": "10",
                                    "left": "0",
                                    "isLinked": false
                                }
                            },
                            "elements": [],
                            "isInner": false,
                            "widgetType": "divider",
                            "elType": "widget"
                        },
                        {
                            "id": "21480cd6",
                            "settings": {
                                "content_width": {
                                    "unit": "px",
                                    "size": 850,
                                    "sizes": []
                                }
                            },
                            "elements": [
                                {
                                    "id": "55e5742b",
                                    "settings": {
                                        "_column_size": 100,
                                        "_inline_size": null,
                                        "space_between_widgets": 0
                                    },
                                    "elements": [
                                        {
                                            "id": "86a730c",
                                            "settings": {
                                                "sg_title_before": "Related Post",
                                                "sg_title_focused": "",
                                                "sg_subtitle_heading": "Lorem ipsum dolor set amet",
                                                "sg_shadow_content": "news",
                                                "sg_separator_enable": "",
                                                "__globals__": {
                                                    "st_title_typography_content_typography_typography": "globals\/typography?id=db1e030",
                                                    "st_title_color_responsive": "globals\/colors?id=primary"
                                                },
                                                "st_title_margin_responsive": {
                                                    "unit": "px",
                                                    "top": "0",
                                                    "right": "0",
                                                    "bottom": "20",
                                                    "left": "0",
                                                    "isLinked": ""
                                                },
                                                "st_title_margin_responsive_tablet": {
                                                    "unit": "px",
                                                    "top": "0",
                                                    "right": "0",
                                                    "bottom": "20",
                                                    "left": "0",
                                                    "isLinked": ""
                                                },
                                                "_animation": "fadeInUp",
                                                "sg_title_text": "Trending Stories And Another Stories",
                                                "sg_title_html_tag": "h3"
                                            },
                                            "elements": [],
                                            "isInner": false,
                                            "widgetType": "jkit_heading",
                                            "elType": "widget"
                                        },
                                        {
                                            "id": "634b48dc",
                                            "settings": {
                                                "sg_content_postblock_type": "type-3",
                                                "sg_content_excerpt_more": "...",
                                                "sg_content_readmore_text": "Read More",
                                                "sg_content_meta_author_by_text": "by",
                                                "sg_content_meta_date_format_custom": "F j, Y",
                                                "pagination_prev_text": "Previous",
                                                "pagination_next_text": "Next",
                                                "pagination_loadmore_text": "Load More",
                                                "pagination_loading_text": "Loading...",
                                                "st_nocontent_text": "No Content Available",
                                                "sg_content_image_size_imagesize_size": "full",
                                                "sg_content_column_responsive": {
                                                    "unit": "px",
                                                    "size": 2,
                                                    "sizes": []
                                                },
                                                "sg_content_title_html_tag": "h4",
                                                "sg_content_excerpt_length": {
                                                    "unit": "px",
                                                    "size": 12,
                                                    "sizes": []
                                                },
                                                "sg_content_readmore_enable": "",
                                                "sg_content_readmore_icon": {
                                                    "value": "",
                                                    "library": ""
                                                },
                                                "sg_content_comment_enable": "",
                                                "sg_content_meta_enable": "",
                                                "sg_content_meta_author_enable": "",
                                                "st_wrapper_margin_responsive": {
                                                    "unit": "px",
                                                    "top": "0",
                                                    "right": "0",
                                                    "bottom": "0",
                                                    "left": "0",
                                                    "isLinked": ""
                                                },
                                                "st_post_item_gap_responsive": {
                                                    "unit": "px",
                                                    "size": 75,
                                                    "sizes": []
                                                },
                                                "st_thumbnail_background_overlay_background_color_b": "",
                                                "st_thumbnail_container_height_responsive": {
                                                    "unit": "px",
                                                    "size": 260,
                                                    "sizes": []
                                                },
                                                "__globals__": {
                                                    "st_thumbnail_background_overlay_background_color_b": "",
                                                    "st_title_normal_typography_content_typography_typography": "globals\/typography?id=db1e030",
                                                    "st_title_normal_color_responsive": "globals\/colors?id=primary",
                                                    "st_category_typography_content_typography_typography": "globals\/typography?id=d848767",
                                                    "st_excerpt_typography_content_typography_typography": "globals\/typography?id=text",
                                                    "st_excerpt_color_responsive": "globals\/colors?id=text",
                                                    "st_thumbnail_container_background_background_color_b": "",
                                                    "st_thumbnail_container_background_background_color": "",
                                                    "st_thumbnail_background_overlay_background_color": "",
                                                    "st_category_background_background_color": "globals\/colors?id=4a5499b",
                                                    "st_category_background_background_color_b": "",
                                                    "st_category_color_responsive": "globals\/colors?id=beb0691",
                                                    "st_title_hover_color_responsive": "globals\/colors?id=primary",
                                                    "st_content_background_background_color": "",
                                                    "st_category_border_border_color": "globals\/colors?id=primary",
                                                    "st_wrapper_border_border_color": "",
                                                    "st_pagination_typography_content_typography_typography": "globals\/typography?id=accent",
                                                    "st_pagination_normal_background_background_color_b": "globals\/colors?id=primary",
                                                    "st_pagination_normal_background_background_color": "globals\/colors?id=accent",
                                                    "st_pagination_normal_color_responsive": "globals\/colors?id=a567df4",
                                                    "st_pagination_hover_background_background_color_b": "globals\/colors?id=primary",
                                                    "st_pagination_hover_background_background_color": "globals\/colors?id=primary"
                                                },
                                                "st_post_item_border_radius_responsive": {
                                                    "unit": "px",
                                                    "top": "10",
                                                    "right": "10",
                                                    "bottom": "10",
                                                    "left": "10",
                                                    "isLinked": "1"
                                                },
                                                "st_post_item_boxshadow_box_shadow_box_shadow": {
                                                    "horizontal": "0",
                                                    "vertical": "10",
                                                    "blur": "50",
                                                    "spread": "0",
                                                    "color": "rgba(0, 0, 0, 0.1)"
                                                },
                                                "st_thumbnail_background_overlay_background_color_stop": {
                                                    "unit": "%",
                                                    "size": "45",
                                                    "sizes": []
                                                },
                                                "st_thumbnail_border_radius_responsive": {
                                                    "unit": "px",
                                                    "top": "10",
                                                    "right": "10",
                                                    "bottom": "10",
                                                    "left": "10",
                                                    "isLinked": "1"
                                                },
                                                "st_thumbnail_container_background_background_color_b": "",
                                                "st_content_border_radius_responsive": {
                                                    "unit": "px",
                                                    "top": "0",
                                                    "right": "0",
                                                    "bottom": "0",
                                                    "left": "0",
                                                    "isLinked": ""
                                                },
                                                "st_category_background_background_color_b": "",
                                                "st_category_padding_responsive": {
                                                    "unit": "px",
                                                    "top": "4",
                                                    "right": "20",
                                                    "bottom": "4",
                                                    "left": "20",
                                                    "isLinked": ""
                                                },
                                                "st_category_margin_responsive": {
                                                    "unit": "px",
                                                    "top": "0",
                                                    "right": "0",
                                                    "bottom": "20",
                                                    "left": "0",
                                                    "isLinked": ""
                                                },
                                                "st_title_margin_responsive": {
                                                    "unit": "px",
                                                    "top": "0",
                                                    "right": "0",
                                                    "bottom": "15",
                                                    "left": "0",
                                                    "isLinked": ""
                                                },
                                                "st_excerpt_color_responsive": "#09245DB3",
                                                "st_category_position": "left",
                                                "st_category_background_background_background": "classic",
                                                "st_category_border_radius_responsive": {
                                                    "unit": "px",
                                                    "top": "25",
                                                    "right": "25",
                                                    "bottom": "25",
                                                    "left": "25",
                                                    "isLinked": "1"
                                                },
                                                "st_category_border_border_border": "none",
                                                "st_category_border_border_width": {
                                                    "unit": "px",
                                                    "top": "1",
                                                    "right": "1",
                                                    "bottom": "1",
                                                    "left": "1",
                                                    "isLinked": "1"
                                                },
                                                "st_category_background_background_color": "#FFFFFF",
                                                "st_title_hover_color_responsive": "#2062F0",
                                                "st_thumbnail_container_height_responsive_mobile": {
                                                    "unit": "px",
                                                    "size": "200",
                                                    "sizes": []
                                                },
                                                "_animation_delay": "200",
                                                "number_post": {
                                                    "unit": "px",
                                                    "size": 2,
                                                    "sizes": []
                                                },
                                                "sg_content_column_responsive_tablet": {
                                                    "unit": "px",
                                                    "size": 2,
                                                    "sizes": []
                                                },
                                                "sg_content_column_responsive_mobile": {
                                                    "unit": "px",
                                                    "size": 1,
                                                    "sizes": []
                                                },
                                                "st_content_padding_responsive": {
                                                    "unit": "px",
                                                    "top": "0",
                                                    "right": "0",
                                                    "bottom": "0",
                                                    "left": "0",
                                                    "isLinked": ""
                                                },
                                                "st_category_typography_content_typography_typography": "custom",
                                                "st_category_typography_content_typography_font_family": "Public Sans",
                                                "st_category_typography_content_typography_font_size": {
                                                    "unit": "px",
                                                    "size": "14",
                                                    "sizes": []
                                                },
                                                "st_category_typography_content_typography_font_size_mobile": {
                                                    "unit": "px",
                                                    "size": "12",
                                                    "sizes": []
                                                },
                                                "st_category_typography_content_typography_font_weight": "400",
                                                "st_category_typography_content_typography_text_transform": "none",
                                                "st_category_typography_content_typography_font_style": "normal",
                                                "st_category_typography_content_typography_text_decoration": "none",
                                                "st_category_typography_content_typography_line_height": {
                                                    "unit": "em",
                                                    "size": "1.3",
                                                    "sizes": []
                                                },
                                                "st_category_border_border_color": "#FFFFFF",
                                                "st_pagination_padding_responsive": {
                                                    "unit": "px",
                                                    "top": "13",
                                                    "right": "28",
                                                    "bottom": "13",
                                                    "left": "28",
                                                    "isLinked": false
                                                },
                                                "st_pagination_width_responsive": {
                                                    "unit": "%",
                                                    "size": 19,
                                                    "sizes": []
                                                },
                                                "st_pagination_normal_color_responsive": "#FFFFFF",
                                                "st_pagination_normal_background_background_background": "classic",
                                                "st_pagination_normal_background_background_color": "#8667DD",
                                                "st_pagination_normal_background_background_color_b": "#2062F0",
                                                "st_pagination_normal_background_background_gradient_angle": {
                                                    "unit": "deg",
                                                    "size": 110,
                                                    "sizes": []
                                                },
                                                "st_pagination_normal_border_radius_responsive": {
                                                    "unit": "px",
                                                    "top": "25",
                                                    "right": "25",
                                                    "bottom": "25",
                                                    "left": "25",
                                                    "isLinked": true
                                                },
                                                "st_pagination_normal_border_border_border": "none",
                                                "st_pagination_normal_boxshadow_box_shadow_box_shadow_type": "yes",
                                                "st_pagination_normal_boxshadow_box_shadow_box_shadow": {
                                                    "horizontal": 0,
                                                    "vertical": 0,
                                                    "blur": 10,
                                                    "spread": 0,
                                                    "color": "rgba(0, 0, 0, 0)"
                                                },
                                                "st_pagination_hover_background_background_background": "gradient",
                                                "st_pagination_hover_background_background_color": "#2062F0",
                                                "st_pagination_hover_background_background_color_b": "#2062F0",
                                                "st_pagination_hover_background_background_gradient_angle": {
                                                    "unit": "deg",
                                                    "size": 110,
                                                    "sizes": []
                                                },
                                                "_animation": "fadeIn",
                                                "sg_content_category_enable": "",
                                                "st_wrapper_padding_responsive": {
                                                    "unit": "px",
                                                    "top": "0",
                                                    "right": "0",
                                                    "bottom": "0",
                                                    "left": "0",
                                                    "isLinked": false
                                                },
                                                "st_post_item_gap_responsive_tablet": {
                                                    "unit": "px",
                                                    "size": 20,
                                                    "sizes": []
                                                },
                                                "st_post_item_padding_responsive_tablet": {
                                                    "unit": "px",
                                                    "top": "0",
                                                    "right": "0",
                                                    "bottom": "0",
                                                    "left": "0",
                                                    "isLinked": false
                                                },
                                                "st_post_item_margin_responsive_tablet": {
                                                    "unit": "px",
                                                    "top": "0",
                                                    "right": "0",
                                                    "bottom": "0",
                                                    "left": "0",
                                                    "isLinked": false
                                                },
                                                "st_thumbnail_width_responsive": {
                                                    "unit": "px",
                                                    "size": 40,
                                                    "sizes": []
                                                },
                                                "st_content_padding_responsive_tablet": {
                                                    "unit": "px",
                                                    "top": "20",
                                                    "right": "0",
                                                    "bottom": "0",
                                                    "left": "0",
                                                    "isLinked": false
                                                },
                                                "st_excerpt_margin_responsive": {
                                                    "unit": "px",
                                                    "top": "0",
                                                    "right": "0",
                                                    "bottom": "0",
                                                    "left": "0",
                                                    "isLinked": false
                                                },
                                                "st_pagination_width_responsive_mobile": {
                                                    "unit": "%",
                                                    "size": 60,
                                                    "sizes": []
                                                }
                                            },
                                            "elements": [],
                                            "isInner": false,
                                            "widgetType": "jkit_post_block",
                                            "elType": "widget"
                                        }
                                    ],
                                    "isInner": true,
                                    "elType": "column"
                                }
                            ],
                            "isInner": true,
                            "elType": "section"
                        }
                    ],
                    "isInner": false,
                    "elType": "column"
                }
            ],
            "isInner": false,
            "elType": "section"
        }
    ]
}