{
    "version": "0.4",
    "title": "Table Pricing  \u2013 Section \u2013 01",
    "type": "section",
    "metadata": {
        "template_type": "section-pricing",
        "include_in_zip": "1",
        "elementor_pro_required": null,
        "wp_page_template": "elementor_canvas"
    },
    "content": [
        {
            "id": "234b64ba",
            "settings": {
                "content_width": {
                    "unit": "px",
                    "size": 1000,
                    "sizes": []
                },
                "gap": "no",
                "structure": "40",
                "margin": {
                    "unit": "px",
                    "top": "0",
                    "right": 0,
                    "bottom": "0",
                    "left": 0,
                    "isLinked": false
                },
                "padding_laptop": {
                    "unit": "px",
                    "top": "0",
                    "right": "10",
                    "bottom": "0",
                    "left": "10",
                    "isLinked": false
                },
                "padding_tablet": {
                    "unit": "px",
                    "top": "0",
                    "right": "10",
                    "bottom": "0",
                    "left": "10",
                    "isLinked": false
                },
                "padding_mobile": {
                    "unit": "px",
                    "top": "0",
                    "right": "10",
                    "bottom": "0",
                    "left": "10",
                    "isLinked": false
                }
            },
            "elements": [
                {
                    "id": "10c856a0",
                    "settings": {
                        "_column_size": 25,
                        "_inline_size": 25,
                        "_inline_size_mobile": 25,
                        "content_position": "top",
                        "border_border": "solid",
                        "border_width": {
                            "unit": "px",
                            "top": "1",
                            "right": "1",
                            "bottom": "1",
                            "left": "1",
                            "isLinked": true
                        },
                        "__globals__": {
                            "border_color": "globals\/colors?id=659f957"
                        }
                    },
                    "elements": [
                        {
                            "id": "7e5c0705",
                            "settings": {
                                "gap": "no",
                                "height_inner": "min-height",
                                "custom_height_inner": {
                                    "unit": "vh",
                                    "size": 7,
                                    "sizes": []
                                },
                                "custom_height_inner_laptop": {
                                    "unit": "vh",
                                    "size": "",
                                    "sizes": []
                                },
                                "custom_height_inner_tablet": {
                                    "unit": "vh",
                                    "size": "",
                                    "sizes": []
                                },
                                "custom_height_inner_mobile": {
                                    "unit": "vh",
                                    "size": 15,
                                    "sizes": []
                                },
                                "background_background": "classic",
                                "border_border": "solid",
                                "border_width": {
                                    "unit": "px",
                                    "top": "0",
                                    "right": "0",
                                    "bottom": "1",
                                    "left": "0",
                                    "isLinked": false
                                },
                                "border_width_mobile": {
                                    "unit": "px",
                                    "top": "0",
                                    "right": "0",
                                    "bottom": "1",
                                    "left": "0",
                                    "isLinked": false
                                },
                                "margin_mobile": {
                                    "unit": "px",
                                    "top": "0",
                                    "right": 0,
                                    "bottom": "15",
                                    "left": 0,
                                    "isLinked": false
                                },
                                "padding_mobile": {
                                    "unit": "px",
                                    "top": "0",
                                    "right": "0",
                                    "bottom": "0",
                                    "left": "0",
                                    "isLinked": false
                                },
                                "__globals__": {
                                    "background_color": "globals\/colors?id=4ac277f",
                                    "border_color": "globals\/colors?id=659f957"
                                }
                            },
                            "elements": [
                                {
                                    "id": "22ccaf4c",
                                    "settings": {
                                        "_column_size": 100,
                                        "_inline_size": null,
                                        "content_position": "center",
                                        "content_position_mobile": "center",
                                        "margin": {
                                            "unit": "px",
                                            "top": "0",
                                            "right": "0",
                                            "bottom": "0",
                                            "left": "0",
                                            "isLinked": false
                                        },
                                        "padding": {
                                            "unit": "px",
                                            "top": "0",
                                            "right": "0",
                                            "bottom": "0",
                                            "left": "0",
                                            "isLinked": false
                                        },
                                        "padding_mobile": {
                                            "unit": "px",
                                            "top": "0",
                                            "right": "0",
                                            "bottom": "0",
                                            "left": "0",
                                            "isLinked": false
                                        }
                                    },
                                    "elements": [
                                        {
                                            "id": "5211624e",
                                            "settings": {
                                                "title": "Pricing",
                                                "header_size": "p",
                                                "align": "center",
                                                "_padding": {
                                                    "unit": "px",
                                                    "top": "10",
                                                    "right": "0",
                                                    "bottom": "10",
                                                    "left": "0",
                                                    "isLinked": false
                                                },
                                                "_padding_mobile": {
                                                    "unit": "px",
                                                    "top": "0",
                                                    "right": "0",
                                                    "bottom": "0",
                                                    "left": "0",
                                                    "isLinked": false
                                                },
                                                "_border_border": "none",
                                                "_border_width": {
                                                    "unit": "px",
                                                    "top": "0",
                                                    "right": "0",
                                                    "bottom": "1",
                                                    "left": "0",
                                                    "isLinked": false
                                                },
                                                "_border_width_mobile": {
                                                    "unit": "px",
                                                    "top": "0",
                                                    "right": "0",
                                                    "bottom": "0",
                                                    "left": "0",
                                                    "isLinked": false
                                                },
                                                "__globals__": {
                                                    "typography_typography": "globals\/typography?id=5e61d38",
                                                    "title_color": "globals\/colors?id=primary",
                                                    "_background_color": "globals\/colors?id=4ac277f",
                                                    "_border_color": "globals\/colors?id=659f957"
                                                }
                                            },
                                            "elements": [],
                                            "isInner": false,
                                            "widgetType": "heading",
                                            "elType": "widget"
                                        }
                                    ],
                                    "isInner": true,
                                    "elType": "column"
                                }
                            ],
                            "isInner": true,
                            "elType": "section"
                        },
                        {
                            "id": "2c141c76",
                            "settings": {
                                "icon_list": [
                                    {
                                        "text": "1 Bedroom",
                                        "selected_icon": {
                                            "value": "",
                                            "library": ""
                                        },
                                        "_id": "cfdebdb"
                                    }
                                ],
                                "link_click": "inline",
                                "space_between": {
                                    "unit": "px",
                                    "size": 0,
                                    "sizes": []
                                },
                                "icon_align": "center",
                                "_margin": {
                                    "unit": "px",
                                    "top": "0",
                                    "right": "0",
                                    "bottom": "0",
                                    "left": "0",
                                    "isLinked": false
                                },
                                "_padding": {
                                    "unit": "px",
                                    "top": "15",
                                    "right": "0",
                                    "bottom": "15",
                                    "left": "0",
                                    "isLinked": false
                                },
                                "_border_border": "solid",
                                "_border_width": {
                                    "unit": "px",
                                    "top": "0",
                                    "right": "0",
                                    "bottom": "1",
                                    "left": "0",
                                    "isLinked": false
                                },
                                "__globals__": {
                                    "divider_color": "globals\/colors?id=659f957",
                                    "text_color": "globals\/colors?id=secondary",
                                    "icon_typography_typography": "globals\/typography?id=text",
                                    "_border_color": "globals\/colors?id=659f957"
                                }
                            },
                            "elements": [],
                            "isInner": false,
                            "widgetType": "icon-list",
                            "elType": "widget"
                        },
                        {
                            "id": "5b4eed24",
                            "settings": {
                                "icon_list": [
                                    {
                                        "text": "2 Bedroom",
                                        "selected_icon": {
                                            "value": "",
                                            "library": ""
                                        },
                                        "_id": "b051d44"
                                    }
                                ],
                                "link_click": "inline",
                                "space_between": {
                                    "unit": "px",
                                    "size": 0,
                                    "sizes": []
                                },
                                "icon_align": "center",
                                "_margin": {
                                    "unit": "px",
                                    "top": "-20",
                                    "right": "0",
                                    "bottom": "0",
                                    "left": "0",
                                    "isLinked": false
                                },
                                "_padding": {
                                    "unit": "px",
                                    "top": "15",
                                    "right": "0",
                                    "bottom": "15",
                                    "left": "0",
                                    "isLinked": false
                                },
                                "_background_background": "classic",
                                "_background_color": "#F6F6F6",
                                "_border_border": "solid",
                                "_border_width": {
                                    "unit": "px",
                                    "top": "0",
                                    "right": "0",
                                    "bottom": "1",
                                    "left": "0",
                                    "isLinked": false
                                },
                                "__globals__": {
                                    "divider_color": "globals\/colors?id=659f957",
                                    "text_color": "globals\/colors?id=secondary",
                                    "icon_typography_typography": "globals\/typography?id=text",
                                    "_border_color": "globals\/colors?id=659f957"
                                }
                            },
                            "elements": [],
                            "isInner": false,
                            "widgetType": "icon-list",
                            "elType": "widget"
                        },
                        {
                            "id": "756c6ba5",
                            "settings": {
                                "icon_list": [
                                    {
                                        "text": "3 Bedroom",
                                        "selected_icon": {
                                            "value": "",
                                            "library": ""
                                        },
                                        "_id": "cfdebdb"
                                    }
                                ],
                                "link_click": "inline",
                                "space_between": {
                                    "unit": "px",
                                    "size": 0,
                                    "sizes": []
                                },
                                "icon_align": "center",
                                "_margin": {
                                    "unit": "px",
                                    "top": "-20",
                                    "right": "0",
                                    "bottom": "0",
                                    "left": "0",
                                    "isLinked": false
                                },
                                "_padding": {
                                    "unit": "px",
                                    "top": "15",
                                    "right": "0",
                                    "bottom": "15",
                                    "left": "0",
                                    "isLinked": false
                                },
                                "_border_border": "solid",
                                "_border_width": {
                                    "unit": "px",
                                    "top": "0",
                                    "right": "0",
                                    "bottom": "1",
                                    "left": "0",
                                    "isLinked": false
                                },
                                "__globals__": {
                                    "divider_color": "globals\/colors?id=659f957",
                                    "text_color": "globals\/colors?id=secondary",
                                    "icon_typography_typography": "globals\/typography?id=text",
                                    "_border_color": "globals\/colors?id=659f957"
                                }
                            },
                            "elements": [],
                            "isInner": false,
                            "widgetType": "icon-list",
                            "elType": "widget"
                        },
                        {
                            "id": "28c7a6f2",
                            "settings": {
                                "icon_list": [
                                    {
                                        "text": "4 Bedroom",
                                        "selected_icon": {
                                            "value": "",
                                            "library": ""
                                        },
                                        "_id": "b051d44"
                                    }
                                ],
                                "link_click": "inline",
                                "space_between": {
                                    "unit": "px",
                                    "size": 0,
                                    "sizes": []
                                },
                                "icon_align": "center",
                                "_margin": {
                                    "unit": "px",
                                    "top": "-20",
                                    "right": "0",
                                    "bottom": "0",
                                    "left": "0",
                                    "isLinked": false
                                },
                                "_padding": {
                                    "unit": "px",
                                    "top": "15",
                                    "right": "0",
                                    "bottom": "15",
                                    "left": "0",
                                    "isLinked": false
                                },
                                "_background_background": "classic",
                                "_background_color": "#F6F6F6",
                                "_border_border": "solid",
                                "_border_width": {
                                    "unit": "px",
                                    "top": "0",
                                    "right": "0",
                                    "bottom": "1",
                                    "left": "0",
                                    "isLinked": false
                                },
                                "__globals__": {
                                    "divider_color": "globals\/colors?id=659f957",
                                    "text_color": "globals\/colors?id=secondary",
                                    "icon_typography_typography": "globals\/typography?id=text",
                                    "_border_color": "globals\/colors?id=659f957"
                                }
                            },
                            "elements": [],
                            "isInner": false,
                            "widgetType": "icon-list",
                            "elType": "widget"
                        },
                        {
                            "id": "7562fdee",
                            "settings": {
                                "icon_list": [
                                    {
                                        "text": "3 Bedroom",
                                        "selected_icon": {
                                            "value": "",
                                            "library": ""
                                        },
                                        "_id": "cfdebdb"
                                    }
                                ],
                                "link_click": "inline",
                                "space_between": {
                                    "unit": "px",
                                    "size": 0,
                                    "sizes": []
                                },
                                "icon_align": "center",
                                "_margin": {
                                    "unit": "px",
                                    "top": "-20",
                                    "right": "0",
                                    "bottom": "0",
                                    "left": "0",
                                    "isLinked": false
                                },
                                "_padding": {
                                    "unit": "px",
                                    "top": "15",
                                    "right": "0",
                                    "bottom": "15",
                                    "left": "0",
                                    "isLinked": false
                                },
                                "_border_border": "solid",
                                "_border_width": {
                                    "unit": "px",
                                    "top": "0",
                                    "right": "0",
                                    "bottom": "0",
                                    "left": "0",
                                    "isLinked": false
                                },
                                "__globals__": {
                                    "divider_color": "globals\/colors?id=659f957",
                                    "text_color": "globals\/colors?id=secondary",
                                    "icon_typography_typography": "globals\/typography?id=text",
                                    "_border_color": "globals\/colors?id=659f957"
                                }
                            },
                            "elements": [],
                            "isInner": false,
                            "widgetType": "icon-list",
                            "elType": "widget"
                        }
                    ],
                    "isInner": false,
                    "elType": "column"
                },
                {
                    "id": "5fc8454b",
                    "settings": {
                        "_column_size": 25,
                        "_inline_size": 25,
                        "_inline_size_mobile": 25,
                        "border_border": "solid",
                        "border_width": {
                            "unit": "px",
                            "top": "1",
                            "right": "1",
                            "bottom": "1",
                            "left": "0",
                            "isLinked": false
                        },
                        "__globals__": {
                            "border_color": "globals\/colors?id=659f957"
                        }
                    },
                    "elements": [
                        {
                            "id": "ff64ff6",
                            "settings": {
                                "gap": "no",
                                "height_inner": "min-height",
                                "custom_height_inner": {
                                    "unit": "vh",
                                    "size": 7,
                                    "sizes": []
                                },
                                "custom_height_inner_laptop": {
                                    "unit": "vh",
                                    "size": "",
                                    "sizes": []
                                },
                                "custom_height_inner_tablet": {
                                    "unit": "vh",
                                    "size": "",
                                    "sizes": []
                                },
                                "custom_height_inner_mobile": {
                                    "unit": "vh",
                                    "size": 15,
                                    "sizes": []
                                },
                                "background_background": "classic",
                                "border_border": "solid",
                                "border_width": {
                                    "unit": "px",
                                    "top": "0",
                                    "right": "0",
                                    "bottom": "1",
                                    "left": "0",
                                    "isLinked": false
                                },
                                "border_width_mobile": {
                                    "unit": "px",
                                    "top": "0",
                                    "right": "0",
                                    "bottom": "1",
                                    "left": "0",
                                    "isLinked": false
                                },
                                "margin_mobile": {
                                    "unit": "px",
                                    "top": "0",
                                    "right": 0,
                                    "bottom": "15",
                                    "left": 0,
                                    "isLinked": false
                                },
                                "padding_mobile": {
                                    "unit": "px",
                                    "top": "0",
                                    "right": "0",
                                    "bottom": "0",
                                    "left": "0",
                                    "isLinked": false
                                },
                                "__globals__": {
                                    "background_color": "globals\/colors?id=4ac277f",
                                    "border_color": "globals\/colors?id=659f957"
                                }
                            },
                            "elements": [
                                {
                                    "id": "7b41f1a3",
                                    "settings": {
                                        "_column_size": 100,
                                        "_inline_size": null,
                                        "content_position": "center",
                                        "content_position_mobile": "center",
                                        "padding_mobile": {
                                            "unit": "px",
                                            "top": "0",
                                            "right": "0",
                                            "bottom": "0",
                                            "left": "0",
                                            "isLinked": false
                                        }
                                    },
                                    "elements": [
                                        {
                                            "id": "20c4f13c",
                                            "settings": {
                                                "title": "General Cleaning",
                                                "header_size": "p",
                                                "align": "center",
                                                "_padding": {
                                                    "unit": "px",
                                                    "top": "10",
                                                    "right": "0",
                                                    "bottom": "10",
                                                    "left": "0",
                                                    "isLinked": false
                                                },
                                                "_padding_mobile": {
                                                    "unit": "px",
                                                    "top": "0",
                                                    "right": "0",
                                                    "bottom": "0",
                                                    "left": "0",
                                                    "isLinked": false
                                                },
                                                "_border_border": "none",
                                                "_border_width": {
                                                    "unit": "px",
                                                    "top": "0",
                                                    "right": "0",
                                                    "bottom": "1",
                                                    "left": "0",
                                                    "isLinked": false
                                                },
                                                "_border_width_mobile": {
                                                    "unit": "px",
                                                    "top": "0",
                                                    "right": "0",
                                                    "bottom": "0",
                                                    "left": "0",
                                                    "isLinked": false
                                                },
                                                "__globals__": {
                                                    "typography_typography": "globals\/typography?id=5e61d38",
                                                    "title_color": "globals\/colors?id=primary",
                                                    "_background_color": "globals\/colors?id=4ac277f",
                                                    "_border_color": "globals\/colors?id=659f957"
                                                }
                                            },
                                            "elements": [],
                                            "isInner": false,
                                            "widgetType": "heading",
                                            "elType": "widget"
                                        }
                                    ],
                                    "isInner": true,
                                    "elType": "column"
                                }
                            ],
                            "isInner": true,
                            "elType": "section"
                        },
                        {
                            "id": "10de1574",
                            "settings": {
                                "icon_list": [
                                    {
                                        "text": "$ 154",
                                        "selected_icon": {
                                            "value": "",
                                            "library": ""
                                        },
                                        "_id": "cfdebdb"
                                    }
                                ],
                                "link_click": "inline",
                                "space_between": {
                                    "unit": "px",
                                    "size": 0,
                                    "sizes": []
                                },
                                "icon_align": "center",
                                "_margin": {
                                    "unit": "px",
                                    "top": "0",
                                    "right": "0",
                                    "bottom": "0",
                                    "left": "0",
                                    "isLinked": false
                                },
                                "_padding": {
                                    "unit": "px",
                                    "top": "15",
                                    "right": "0",
                                    "bottom": "15",
                                    "left": "0",
                                    "isLinked": false
                                },
                                "_border_border": "solid",
                                "_border_width": {
                                    "unit": "px",
                                    "top": "0",
                                    "right": "0",
                                    "bottom": "1",
                                    "left": "0",
                                    "isLinked": false
                                },
                                "__globals__": {
                                    "divider_color": "globals\/colors?id=659f957",
                                    "text_color": "globals\/colors?id=secondary",
                                    "icon_typography_typography": "globals\/typography?id=text",
                                    "_border_color": "globals\/colors?id=659f957"
                                }
                            },
                            "elements": [],
                            "isInner": false,
                            "widgetType": "icon-list",
                            "elType": "widget"
                        },
                        {
                            "id": "4d70525a",
                            "settings": {
                                "icon_list": [
                                    {
                                        "text": "$ 168",
                                        "selected_icon": {
                                            "value": "",
                                            "library": ""
                                        },
                                        "_id": "cfdebdb"
                                    }
                                ],
                                "link_click": "inline",
                                "space_between": {
                                    "unit": "px",
                                    "size": 0,
                                    "sizes": []
                                },
                                "icon_align": "center",
                                "_margin": {
                                    "unit": "px",
                                    "top": "-20",
                                    "right": "0",
                                    "bottom": "0",
                                    "left": "0",
                                    "isLinked": false
                                },
                                "_padding": {
                                    "unit": "px",
                                    "top": "15",
                                    "right": "0",
                                    "bottom": "15",
                                    "left": "0",
                                    "isLinked": false
                                },
                                "_background_background": "classic",
                                "_background_color": "#F6F6F6",
                                "_border_border": "solid",
                                "_border_width": {
                                    "unit": "px",
                                    "top": "0",
                                    "right": "0",
                                    "bottom": "1",
                                    "left": "0",
                                    "isLinked": false
                                },
                                "__globals__": {
                                    "divider_color": "globals\/colors?id=659f957",
                                    "text_color": "globals\/colors?id=secondary",
                                    "icon_typography_typography": "globals\/typography?id=text",
                                    "_border_color": "globals\/colors?id=659f957"
                                }
                            },
                            "elements": [],
                            "isInner": false,
                            "widgetType": "icon-list",
                            "elType": "widget"
                        },
                        {
                            "id": "7f7ec542",
                            "settings": {
                                "icon_list": [
                                    {
                                        "text": "$ 203",
                                        "selected_icon": {
                                            "value": "",
                                            "library": ""
                                        },
                                        "_id": "cfdebdb"
                                    }
                                ],
                                "link_click": "inline",
                                "space_between": {
                                    "unit": "px",
                                    "size": 0,
                                    "sizes": []
                                },
                                "icon_align": "center",
                                "_margin": {
                                    "unit": "px",
                                    "top": "-20",
                                    "right": "0",
                                    "bottom": "0",
                                    "left": "0",
                                    "isLinked": false
                                },
                                "_padding": {
                                    "unit": "px",
                                    "top": "15",
                                    "right": "0",
                                    "bottom": "15",
                                    "left": "0",
                                    "isLinked": false
                                },
                                "_border_border": "solid",
                                "_border_width": {
                                    "unit": "px",
                                    "top": "0",
                                    "right": "0",
                                    "bottom": "1",
                                    "left": "0",
                                    "isLinked": false
                                },
                                "__globals__": {
                                    "divider_color": "globals\/colors?id=659f957",
                                    "text_color": "globals\/colors?id=secondary",
                                    "icon_typography_typography": "globals\/typography?id=text",
                                    "_border_color": "globals\/colors?id=659f957"
                                }
                            },
                            "elements": [],
                            "isInner": false,
                            "widgetType": "icon-list",
                            "elType": "widget"
                        },
                        {
                            "id": "6aac39c0",
                            "settings": {
                                "icon_list": [
                                    {
                                        "text": "$ 248",
                                        "selected_icon": {
                                            "value": "",
                                            "library": ""
                                        },
                                        "_id": "b051d44"
                                    }
                                ],
                                "link_click": "inline",
                                "space_between": {
                                    "unit": "px",
                                    "size": 0,
                                    "sizes": []
                                },
                                "icon_align": "center",
                                "_margin": {
                                    "unit": "px",
                                    "top": "-20",
                                    "right": "0",
                                    "bottom": "0",
                                    "left": "0",
                                    "isLinked": false
                                },
                                "_padding": {
                                    "unit": "px",
                                    "top": "15",
                                    "right": "0",
                                    "bottom": "15",
                                    "left": "0",
                                    "isLinked": false
                                },
                                "_background_background": "classic",
                                "_background_color": "#F6F6F6",
                                "_border_border": "solid",
                                "_border_width": {
                                    "unit": "px",
                                    "top": "0",
                                    "right": "0",
                                    "bottom": "1",
                                    "left": "0",
                                    "isLinked": false
                                },
                                "__globals__": {
                                    "divider_color": "globals\/colors?id=659f957",
                                    "text_color": "globals\/colors?id=secondary",
                                    "icon_typography_typography": "globals\/typography?id=text",
                                    "_border_color": "globals\/colors?id=659f957"
                                }
                            },
                            "elements": [],
                            "isInner": false,
                            "widgetType": "icon-list",
                            "elType": "widget"
                        },
                        {
                            "id": "242dbdf",
                            "settings": {
                                "icon_list": [
                                    {
                                        "text": "$ 269",
                                        "selected_icon": {
                                            "value": "",
                                            "library": ""
                                        },
                                        "_id": "cfdebdb"
                                    }
                                ],
                                "link_click": "inline",
                                "space_between": {
                                    "unit": "px",
                                    "size": 0,
                                    "sizes": []
                                },
                                "icon_align": "center",
                                "_margin": {
                                    "unit": "px",
                                    "top": "-20",
                                    "right": "0",
                                    "bottom": "0",
                                    "left": "0",
                                    "isLinked": false
                                },
                                "_padding": {
                                    "unit": "px",
                                    "top": "15",
                                    "right": "0",
                                    "bottom": "15",
                                    "left": "0",
                                    "isLinked": false
                                },
                                "_border_border": "solid",
                                "_border_width": {
                                    "unit": "px",
                                    "top": "0",
                                    "right": "0",
                                    "bottom": "0",
                                    "left": "0",
                                    "isLinked": false
                                },
                                "__globals__": {
                                    "divider_color": "globals\/colors?id=659f957",
                                    "text_color": "globals\/colors?id=secondary",
                                    "icon_typography_typography": "globals\/typography?id=text",
                                    "_border_color": "globals\/colors?id=659f957"
                                }
                            },
                            "elements": [],
                            "isInner": false,
                            "widgetType": "icon-list",
                            "elType": "widget"
                        }
                    ],
                    "isInner": false,
                    "elType": "column"
                },
                {
                    "id": "6cfb0fa6",
                    "settings": {
                        "_column_size": 25,
                        "_inline_size": 25,
                        "_inline_size_mobile": 25,
                        "border_border": "solid",
                        "border_width": {
                            "unit": "px",
                            "top": "1",
                            "right": "1",
                            "bottom": "1",
                            "left": "0",
                            "isLinked": false
                        },
                        "__globals__": {
                            "border_color": "globals\/colors?id=659f957"
                        }
                    },
                    "elements": [
                        {
                            "id": "2c92aa3d",
                            "settings": {
                                "gap": "no",
                                "height_inner": "min-height",
                                "custom_height_inner": {
                                    "unit": "vh",
                                    "size": 7,
                                    "sizes": []
                                },
                                "custom_height_inner_laptop": {
                                    "unit": "vh",
                                    "size": "",
                                    "sizes": []
                                },
                                "custom_height_inner_tablet": {
                                    "unit": "vh",
                                    "size": "",
                                    "sizes": []
                                },
                                "custom_height_inner_mobile": {
                                    "unit": "vh",
                                    "size": 15,
                                    "sizes": []
                                },
                                "background_background": "classic",
                                "border_border": "solid",
                                "border_width": {
                                    "unit": "px",
                                    "top": "0",
                                    "right": "0",
                                    "bottom": "1",
                                    "left": "0",
                                    "isLinked": false
                                },
                                "border_width_mobile": {
                                    "unit": "px",
                                    "top": "0",
                                    "right": "0",
                                    "bottom": "1",
                                    "left": "0",
                                    "isLinked": false
                                },
                                "margin_mobile": {
                                    "unit": "px",
                                    "top": "0",
                                    "right": 0,
                                    "bottom": "15",
                                    "left": 0,
                                    "isLinked": false
                                },
                                "padding_mobile": {
                                    "unit": "px",
                                    "top": "0",
                                    "right": "0",
                                    "bottom": "0",
                                    "left": "0",
                                    "isLinked": false
                                },
                                "__globals__": {
                                    "background_color": "globals\/colors?id=4ac277f",
                                    "border_color": "globals\/colors?id=659f957"
                                }
                            },
                            "elements": [
                                {
                                    "id": "5a6a5eea",
                                    "settings": {
                                        "_column_size": 100,
                                        "_inline_size": null,
                                        "content_position": "center",
                                        "content_position_mobile": "center",
                                        "padding_mobile": {
                                            "unit": "px",
                                            "top": "0",
                                            "right": "0",
                                            "bottom": "0",
                                            "left": "0",
                                            "isLinked": false
                                        }
                                    },
                                    "elements": [
                                        {
                                            "id": "5dcf275e",
                                            "settings": {
                                                "title": "Deep Clean",
                                                "header_size": "p",
                                                "align": "center",
                                                "_padding": {
                                                    "unit": "px",
                                                    "top": "10",
                                                    "right": "0",
                                                    "bottom": "10",
                                                    "left": "0",
                                                    "isLinked": false
                                                },
                                                "_padding_mobile": {
                                                    "unit": "px",
                                                    "top": "0",
                                                    "right": "0",
                                                    "bottom": "0",
                                                    "left": "0",
                                                    "isLinked": false
                                                },
                                                "_border_border": "none",
                                                "_border_width": {
                                                    "unit": "px",
                                                    "top": "0",
                                                    "right": "0",
                                                    "bottom": "1",
                                                    "left": "0",
                                                    "isLinked": false
                                                },
                                                "_border_width_mobile": {
                                                    "unit": "px",
                                                    "top": "0",
                                                    "right": "0",
                                                    "bottom": "0",
                                                    "left": "0",
                                                    "isLinked": false
                                                },
                                                "__globals__": {
                                                    "typography_typography": "globals\/typography?id=5e61d38",
                                                    "title_color": "globals\/colors?id=primary",
                                                    "_background_color": "globals\/colors?id=4ac277f",
                                                    "_border_color": "globals\/colors?id=659f957"
                                                }
                                            },
                                            "elements": [],
                                            "isInner": false,
                                            "widgetType": "heading",
                                            "elType": "widget"
                                        }
                                    ],
                                    "isInner": true,
                                    "elType": "column"
                                }
                            ],
                            "isInner": true,
                            "elType": "section"
                        },
                        {
                            "id": "4cd89b5f",
                            "settings": {
                                "icon_list": [
                                    {
                                        "text": "$ 223",
                                        "selected_icon": {
                                            "value": "",
                                            "library": ""
                                        },
                                        "_id": "cfdebdb"
                                    }
                                ],
                                "link_click": "inline",
                                "space_between": {
                                    "unit": "px",
                                    "size": 0,
                                    "sizes": []
                                },
                                "icon_align": "center",
                                "_margin": {
                                    "unit": "px",
                                    "top": "0",
                                    "right": "0",
                                    "bottom": "0",
                                    "left": "0",
                                    "isLinked": false
                                },
                                "_padding": {
                                    "unit": "px",
                                    "top": "15",
                                    "right": "0",
                                    "bottom": "15",
                                    "left": "0",
                                    "isLinked": false
                                },
                                "_border_border": "solid",
                                "_border_width": {
                                    "unit": "px",
                                    "top": "0",
                                    "right": "0",
                                    "bottom": "1",
                                    "left": "0",
                                    "isLinked": false
                                },
                                "__globals__": {
                                    "divider_color": "globals\/colors?id=659f957",
                                    "text_color": "globals\/colors?id=secondary",
                                    "icon_typography_typography": "globals\/typography?id=text",
                                    "_border_color": "globals\/colors?id=659f957"
                                }
                            },
                            "elements": [],
                            "isInner": false,
                            "widgetType": "icon-list",
                            "elType": "widget"
                        },
                        {
                            "id": "4a312eea",
                            "settings": {
                                "icon_list": [
                                    {
                                        "text": "$ 231",
                                        "selected_icon": {
                                            "value": "",
                                            "library": ""
                                        },
                                        "_id": "cfdebdb"
                                    }
                                ],
                                "link_click": "inline",
                                "space_between": {
                                    "unit": "px",
                                    "size": 0,
                                    "sizes": []
                                },
                                "icon_align": "center",
                                "_margin": {
                                    "unit": "px",
                                    "top": "-20",
                                    "right": "0",
                                    "bottom": "0",
                                    "left": "0",
                                    "isLinked": false
                                },
                                "_padding": {
                                    "unit": "px",
                                    "top": "15",
                                    "right": "0",
                                    "bottom": "15",
                                    "left": "0",
                                    "isLinked": false
                                },
                                "_background_background": "classic",
                                "_background_color": "#F6F6F6",
                                "_border_border": "solid",
                                "_border_width": {
                                    "unit": "px",
                                    "top": "0",
                                    "right": "0",
                                    "bottom": "1",
                                    "left": "0",
                                    "isLinked": false
                                },
                                "__globals__": {
                                    "divider_color": "globals\/colors?id=659f957",
                                    "text_color": "globals\/colors?id=secondary",
                                    "icon_typography_typography": "globals\/typography?id=text",
                                    "_border_color": "globals\/colors?id=659f957"
                                }
                            },
                            "elements": [],
                            "isInner": false,
                            "widgetType": "icon-list",
                            "elType": "widget"
                        },
                        {
                            "id": "12f6c29e",
                            "settings": {
                                "icon_list": [
                                    {
                                        "text": "$ 268",
                                        "selected_icon": {
                                            "value": "",
                                            "library": ""
                                        },
                                        "_id": "cfdebdb"
                                    }
                                ],
                                "link_click": "inline",
                                "space_between": {
                                    "unit": "px",
                                    "size": 0,
                                    "sizes": []
                                },
                                "icon_align": "center",
                                "_margin": {
                                    "unit": "px",
                                    "top": "-20",
                                    "right": "0",
                                    "bottom": "0",
                                    "left": "0",
                                    "isLinked": false
                                },
                                "_padding": {
                                    "unit": "px",
                                    "top": "15",
                                    "right": "0",
                                    "bottom": "15",
                                    "left": "0",
                                    "isLinked": false
                                },
                                "_border_border": "solid",
                                "_border_width": {
                                    "unit": "px",
                                    "top": "0",
                                    "right": "0",
                                    "bottom": "1",
                                    "left": "0",
                                    "isLinked": false
                                },
                                "__globals__": {
                                    "divider_color": "globals\/colors?id=659f957",
                                    "text_color": "globals\/colors?id=secondary",
                                    "icon_typography_typography": "globals\/typography?id=text",
                                    "_border_color": "globals\/colors?id=659f957"
                                }
                            },
                            "elements": [],
                            "isInner": false,
                            "widgetType": "icon-list",
                            "elType": "widget"
                        },
                        {
                            "id": "1771164c",
                            "settings": {
                                "icon_list": [
                                    {
                                        "text": "$ 347",
                                        "selected_icon": {
                                            "value": "",
                                            "library": ""
                                        },
                                        "_id": "b051d44"
                                    }
                                ],
                                "link_click": "inline",
                                "space_between": {
                                    "unit": "px",
                                    "size": 0,
                                    "sizes": []
                                },
                                "icon_align": "center",
                                "_margin": {
                                    "unit": "px",
                                    "top": "-20",
                                    "right": "0",
                                    "bottom": "0",
                                    "left": "0",
                                    "isLinked": false
                                },
                                "_padding": {
                                    "unit": "px",
                                    "top": "15",
                                    "right": "0",
                                    "bottom": "15",
                                    "left": "0",
                                    "isLinked": false
                                },
                                "_background_background": "classic",
                                "_background_color": "#F6F6F6",
                                "_border_border": "solid",
                                "_border_width": {
                                    "unit": "px",
                                    "top": "0",
                                    "right": "0",
                                    "bottom": "1",
                                    "left": "0",
                                    "isLinked": false
                                },
                                "__globals__": {
                                    "divider_color": "globals\/colors?id=659f957",
                                    "text_color": "globals\/colors?id=secondary",
                                    "icon_typography_typography": "globals\/typography?id=text",
                                    "_border_color": "globals\/colors?id=659f957"
                                }
                            },
                            "elements": [],
                            "isInner": false,
                            "widgetType": "icon-list",
                            "elType": "widget"
                        },
                        {
                            "id": "e002e5c",
                            "settings": {
                                "icon_list": [
                                    {
                                        "text": "$ 397",
                                        "selected_icon": {
                                            "value": "",
                                            "library": ""
                                        },
                                        "_id": "cfdebdb"
                                    }
                                ],
                                "link_click": "inline",
                                "space_between": {
                                    "unit": "px",
                                    "size": 0,
                                    "sizes": []
                                },
                                "icon_align": "center",
                                "_margin": {
                                    "unit": "px",
                                    "top": "-20",
                                    "right": "0",
                                    "bottom": "0",
                                    "left": "0",
                                    "isLinked": false
                                },
                                "_padding": {
                                    "unit": "px",
                                    "top": "15",
                                    "right": "0",
                                    "bottom": "15",
                                    "left": "0",
                                    "isLinked": false
                                },
                                "_border_border": "solid",
                                "_border_width": {
                                    "unit": "px",
                                    "top": "0",
                                    "right": "0",
                                    "bottom": "0",
                                    "left": "0",
                                    "isLinked": false
                                },
                                "__globals__": {
                                    "divider_color": "globals\/colors?id=659f957",
                                    "text_color": "globals\/colors?id=secondary",
                                    "icon_typography_typography": "globals\/typography?id=text",
                                    "_border_color": "globals\/colors?id=659f957"
                                }
                            },
                            "elements": [],
                            "isInner": false,
                            "widgetType": "icon-list",
                            "elType": "widget"
                        }
                    ],
                    "isInner": false,
                    "elType": "column"
                },
                {
                    "id": "4b87f8b3",
                    "settings": {
                        "_column_size": 25,
                        "_inline_size": 25,
                        "_inline_size_mobile": 25,
                        "border_border": "solid",
                        "border_width": {
                            "unit": "px",
                            "top": "1",
                            "right": "1",
                            "bottom": "1",
                            "left": "0",
                            "isLinked": false
                        },
                        "__globals__": {
                            "border_color": "globals\/colors?id=659f957"
                        }
                    },
                    "elements": [
                        {
                            "id": "53c42eb",
                            "settings": {
                                "gap": "no",
                                "height_inner": "min-height",
                                "custom_height_inner": {
                                    "unit": "vh",
                                    "size": 7,
                                    "sizes": []
                                },
                                "custom_height_inner_laptop": {
                                    "unit": "vh",
                                    "size": "",
                                    "sizes": []
                                },
                                "custom_height_inner_tablet": {
                                    "unit": "vh",
                                    "size": "",
                                    "sizes": []
                                },
                                "custom_height_inner_mobile": {
                                    "unit": "vh",
                                    "size": 15,
                                    "sizes": []
                                },
                                "background_background": "classic",
                                "border_border": "solid",
                                "border_width": {
                                    "unit": "px",
                                    "top": "0",
                                    "right": "0",
                                    "bottom": "1",
                                    "left": "0",
                                    "isLinked": false
                                },
                                "border_width_mobile": {
                                    "unit": "px",
                                    "top": "0",
                                    "right": "0",
                                    "bottom": "1",
                                    "left": "0",
                                    "isLinked": false
                                },
                                "margin_mobile": {
                                    "unit": "px",
                                    "top": "0",
                                    "right": 0,
                                    "bottom": "15",
                                    "left": 0,
                                    "isLinked": false
                                },
                                "padding_mobile": {
                                    "unit": "px",
                                    "top": "0",
                                    "right": "0",
                                    "bottom": "0",
                                    "left": "0",
                                    "isLinked": false
                                },
                                "__globals__": {
                                    "background_color": "globals\/colors?id=4ac277f",
                                    "border_color": "globals\/colors?id=659f957"
                                }
                            },
                            "elements": [
                                {
                                    "id": "41be6a0e",
                                    "settings": {
                                        "_column_size": 100,
                                        "_inline_size": null,
                                        "content_position": "center",
                                        "content_position_mobile": "center",
                                        "padding_mobile": {
                                            "unit": "px",
                                            "top": "0",
                                            "right": "0",
                                            "bottom": "0",
                                            "left": "0",
                                            "isLinked": false
                                        }
                                    },
                                    "elements": [
                                        {
                                            "id": "2cd8641",
                                            "settings": {
                                                "title": "Move in\/Out",
                                                "header_size": "p",
                                                "align": "center",
                                                "_padding": {
                                                    "unit": "px",
                                                    "top": "10",
                                                    "right": "0",
                                                    "bottom": "10",
                                                    "left": "0",
                                                    "isLinked": false
                                                },
                                                "_padding_mobile": {
                                                    "unit": "px",
                                                    "top": "0",
                                                    "right": "0",
                                                    "bottom": "0",
                                                    "left": "0",
                                                    "isLinked": false
                                                },
                                                "_border_border": "none",
                                                "_border_width": {
                                                    "unit": "px",
                                                    "top": "0",
                                                    "right": "0",
                                                    "bottom": "1",
                                                    "left": "0",
                                                    "isLinked": false
                                                },
                                                "_border_width_mobile": {
                                                    "unit": "px",
                                                    "top": "0",
                                                    "right": "0",
                                                    "bottom": "0",
                                                    "left": "0",
                                                    "isLinked": false
                                                },
                                                "__globals__": {
                                                    "typography_typography": "globals\/typography?id=5e61d38",
                                                    "title_color": "globals\/colors?id=primary",
                                                    "_background_color": "globals\/colors?id=4ac277f",
                                                    "_border_color": "globals\/colors?id=659f957"
                                                }
                                            },
                                            "elements": [],
                                            "isInner": false,
                                            "widgetType": "heading",
                                            "elType": "widget"
                                        }
                                    ],
                                    "isInner": true,
                                    "elType": "column"
                                }
                            ],
                            "isInner": true,
                            "elType": "section"
                        },
                        {
                            "id": "7c43c56",
                            "settings": {
                                "icon_list": [
                                    {
                                        "text": "$ 390",
                                        "selected_icon": {
                                            "value": "",
                                            "library": ""
                                        },
                                        "_id": "cfdebdb"
                                    }
                                ],
                                "link_click": "inline",
                                "space_between": {
                                    "unit": "px",
                                    "size": 0,
                                    "sizes": []
                                },
                                "icon_align": "center",
                                "_margin": {
                                    "unit": "px",
                                    "top": "0",
                                    "right": "0",
                                    "bottom": "0",
                                    "left": "0",
                                    "isLinked": false
                                },
                                "_padding": {
                                    "unit": "px",
                                    "top": "15",
                                    "right": "0",
                                    "bottom": "15",
                                    "left": "0",
                                    "isLinked": false
                                },
                                "_border_border": "solid",
                                "_border_width": {
                                    "unit": "px",
                                    "top": "0",
                                    "right": "0",
                                    "bottom": "1",
                                    "left": "0",
                                    "isLinked": false
                                },
                                "__globals__": {
                                    "divider_color": "globals\/colors?id=659f957",
                                    "text_color": "globals\/colors?id=secondary",
                                    "icon_typography_typography": "globals\/typography?id=text",
                                    "_border_color": "globals\/colors?id=659f957"
                                }
                            },
                            "elements": [],
                            "isInner": false,
                            "widgetType": "icon-list",
                            "elType": "widget"
                        },
                        {
                            "id": "3a650267",
                            "settings": {
                                "icon_list": [
                                    {
                                        "text": "$ 450",
                                        "selected_icon": {
                                            "value": "",
                                            "library": ""
                                        },
                                        "_id": "cfdebdb"
                                    }
                                ],
                                "link_click": "inline",
                                "space_between": {
                                    "unit": "px",
                                    "size": 0,
                                    "sizes": []
                                },
                                "icon_align": "center",
                                "_margin": {
                                    "unit": "px",
                                    "top": "-20",
                                    "right": "0",
                                    "bottom": "0",
                                    "left": "0",
                                    "isLinked": false
                                },
                                "_padding": {
                                    "unit": "px",
                                    "top": "15",
                                    "right": "0",
                                    "bottom": "15",
                                    "left": "0",
                                    "isLinked": false
                                },
                                "_background_background": "classic",
                                "_background_color": "#F6F6F6",
                                "_border_border": "solid",
                                "_border_width": {
                                    "unit": "px",
                                    "top": "0",
                                    "right": "0",
                                    "bottom": "1",
                                    "left": "0",
                                    "isLinked": false
                                },
                                "__globals__": {
                                    "divider_color": "globals\/colors?id=659f957",
                                    "text_color": "globals\/colors?id=secondary",
                                    "icon_typography_typography": "globals\/typography?id=text",
                                    "_border_color": "globals\/colors?id=659f957"
                                }
                            },
                            "elements": [],
                            "isInner": false,
                            "widgetType": "icon-list",
                            "elType": "widget"
                        },
                        {
                            "id": "197012bf",
                            "settings": {
                                "icon_list": [
                                    {
                                        "text": "$ 550",
                                        "selected_icon": {
                                            "value": "",
                                            "library": ""
                                        },
                                        "_id": "cfdebdb"
                                    }
                                ],
                                "link_click": "inline",
                                "space_between": {
                                    "unit": "px",
                                    "size": 0,
                                    "sizes": []
                                },
                                "icon_align": "center",
                                "_margin": {
                                    "unit": "px",
                                    "top": "-20",
                                    "right": "0",
                                    "bottom": "0",
                                    "left": "0",
                                    "isLinked": false
                                },
                                "_padding": {
                                    "unit": "px",
                                    "top": "15",
                                    "right": "0",
                                    "bottom": "15",
                                    "left": "0",
                                    "isLinked": false
                                },
                                "_border_border": "solid",
                                "_border_width": {
                                    "unit": "px",
                                    "top": "0",
                                    "right": "0",
                                    "bottom": "1",
                                    "left": "0",
                                    "isLinked": false
                                },
                                "__globals__": {
                                    "divider_color": "globals\/colors?id=659f957",
                                    "text_color": "globals\/colors?id=secondary",
                                    "icon_typography_typography": "globals\/typography?id=text",
                                    "_border_color": "globals\/colors?id=659f957"
                                }
                            },
                            "elements": [],
                            "isInner": false,
                            "widgetType": "icon-list",
                            "elType": "widget"
                        },
                        {
                            "id": "709e9469",
                            "settings": {
                                "icon_list": [
                                    {
                                        "text": "$ 660",
                                        "selected_icon": {
                                            "value": "",
                                            "library": ""
                                        },
                                        "_id": "b051d44"
                                    }
                                ],
                                "link_click": "inline",
                                "space_between": {
                                    "unit": "px",
                                    "size": 0,
                                    "sizes": []
                                },
                                "icon_align": "center",
                                "_margin": {
                                    "unit": "px",
                                    "top": "-20",
                                    "right": "0",
                                    "bottom": "0",
                                    "left": "0",
                                    "isLinked": false
                                },
                                "_padding": {
                                    "unit": "px",
                                    "top": "15",
                                    "right": "0",
                                    "bottom": "15",
                                    "left": "0",
                                    "isLinked": false
                                },
                                "_background_background": "classic",
                                "_background_color": "#F6F6F6",
                                "_border_border": "solid",
                                "_border_width": {
                                    "unit": "px",
                                    "top": "0",
                                    "right": "0",
                                    "bottom": "1",
                                    "left": "0",
                                    "isLinked": false
                                },
                                "__globals__": {
                                    "divider_color": "globals\/colors?id=659f957",
                                    "text_color": "globals\/colors?id=secondary",
                                    "icon_typography_typography": "globals\/typography?id=text",
                                    "_border_color": "globals\/colors?id=659f957"
                                }
                            },
                            "elements": [],
                            "isInner": false,
                            "widgetType": "icon-list",
                            "elType": "widget"
                        },
                        {
                            "id": "5a7f99a1",
                            "settings": {
                                "icon_list": [
                                    {
                                        "text": "$ 900",
                                        "selected_icon": {
                                            "value": "",
                                            "library": ""
                                        },
                                        "_id": "cfdebdb"
                                    }
                                ],
                                "link_click": "inline",
                                "space_between": {
                                    "unit": "px",
                                    "size": 0,
                                    "sizes": []
                                },
                                "icon_align": "center",
                                "_margin": {
                                    "unit": "px",
                                    "top": "-20",
                                    "right": "0",
                                    "bottom": "0",
                                    "left": "0",
                                    "isLinked": false
                                },
                                "_padding": {
                                    "unit": "px",
                                    "top": "15",
                                    "right": "0",
                                    "bottom": "15",
                                    "left": "0",
                                    "isLinked": false
                                },
                                "_border_border": "solid",
                                "_border_width": {
                                    "unit": "px",
                                    "top": "0",
                                    "right": "0",
                                    "bottom": "0",
                                    "left": "0",
                                    "isLinked": false
                                },
                                "__globals__": {
                                    "divider_color": "globals\/colors?id=659f957",
                                    "text_color": "globals\/colors?id=secondary",
                                    "icon_typography_typography": "globals\/typography?id=text",
                                    "_border_color": "globals\/colors?id=659f957"
                                }
                            },
                            "elements": [],
                            "isInner": false,
                            "widgetType": "icon-list",
                            "elType": "widget"
                        }
                    ],
                    "isInner": false,
                    "elType": "column"
                }
            ],
            "isInner": false,
            "elType": "section"
        }
    ]
}